;Nº DO CHAMADO;DATA DE CRIAÇÃO;RESPONSÁVEL;DATA DA VISTORIA;PRIORIDADE;STATUS;DESCRICÃO DO PROBLEMA;Colunas2;Colunas1;Coluna2;LOGRADOURO;BAIRRO;CONTATO;CENTRO DE CUSTO;SOLICITANTE;ORIGEM DA DEMANDA;DATA DE INICIO;DURAÇÃO PREVISTA;TÉRMINO PREVISTO;TÉRMINO REAL;% CONCLUÍDA;DIAS DE ATRASO;;Base de dados AB;;Prioridade;STATUS;QTD.;%;;;;;;;
1;1/2020 - SME;07/01/2020;GENIVAL;;ALTA;VISTORIADO;VERIFICAR A POSSIBILIDADE DE PROTEGER CABOS TELEFONICOS DA CHUVA ;CIVIL;USINA RECICLADORA;Equipe elétrica disponibilizou o chumbador e o poste, o restante é atribuição da civil;RUA BENJAMIN HARRIS HUNNICUTT, 4.400;CABUÇU;2458 2454;0001-16-01;EDUARDO GODOY;E-MAIL;;;;;;;;1;1;ALTA;AGUARDANDO VISTORIA;48;31%;;;;;;;
2;2/2020 - SME;06/01/2020;GILLIARD;;BAIXA;RESOLVIDO;"INFORMAMOS QUE OS DOIS VESTIÁRIOS DA REGIONAL CABUÇU, ESTÃO SEM LUZ EM UMA PARTE DELES. ACREDITAMOS QUE DEVIDO AS CHUVAS, OS REATORES DAS LÂMPADAS TENHAM QUEIMADO.
SENDO ASSIM, SOLICITAMOS UMA EQUIPE DE ELÉTRICA PARA VERIFICAR O PROBLEMA E REALIZAR A MANUTENÇÃO.";ELÉTRICA;C. O. CABUÇU;Informado a equipe via whatsapp;RUA BENJAMIN HARRIS HUNNICUTT, 4.400;CABUÇU;2458 2454;0001-16-01;NICHOLAS;E-MAIL;;;;;;;;1;2;MÉDIA;VISTORIADO;9;6%;;;;;;;
3;3/2020 - SME;06/01/2020;GENIVAL;;ALTA;AGUARDANDO VISTORIA;VERIFICAR VAZAMENTO;HIDRAULICA;C. O. AEROPORTO;;AV. PAPA JOÃO PAULO, 2000;CUMBICA; 2484-7772;0001-16-01;MARCOS BENTO;E-MAIL;;;;;;;;1;3;BAIXA;AGUARDANDO MATERIAIS;12;8%;;;;;;;
4;4/2020 - SME;06/01/2020;GENIVAL;;MÉDIA;AGUARDANDO VISTORIA;SOLICITAMOS A TROCA DE 03 TELHAS DE AMIANTO 44 X 2,44, ( JÁ TEMOS AS MESMAS). ;CARPINTARIA;USINA RECICLADORA;;RUA BENJAMIN HARRIS HUNNICUTT, 4.400;CABUÇU;2458 2454;0001-16-01;ROGERIO NASCIMENTO;E-MAIL;;;;;;;;1;4;;EM ATENDIMENTO;5;3%;;;;;;;
5;5/2020 - SME;07/01/2020;GILLIARD;07/01/2020;BAIXA;RESOLVIDO;LAMPADA QUEIMADA NA COPA 1º ANDAR;ELÉTRICA;SEDE PROGUARU;;RUA ARMINDA DE LIMA, 788;VILA PROGRESSO;2475-9000;0001-16-07;GENIVAL;PRESENCIAL;07/01/2020;1;07/01/2020;07/01/2020;100%;;;1;5;;RESOLVIDO;82;52%;;;;;;;
6;6/2020 - SME;07/01/2020;GILLIARD;07/01/2020;BAIXA;RESOLVIDO;;ELÉTRICA;SEDE PROGUARU;TRATA-SE DE PROBLEMA NO EQUIPAMENTO (ELET. SERGIO);RUA ARMINDA DE LIMA, 788;VILA PROGRESSO;2475-9000;0001-16-07;WANDERLEY;TELEFONE;07/01/2020;1;07/01/2020;07/01/2020;100%;;;1;6;;CANCELADA;1;1%;;;;;;;
7;7/2020 - SME;07/01/2020;RICARDO;;MÉDIA;RESOLVIDO;DESMONTAGEM / MONTAGEM DA COBERTURA DO COORREDOR ENTRE NOVO VESTIÁRIO E ESCRITÓRIO;CARPINTARIA;C. O. CABUÇU;;RUA BENJAMIN HARRIS HUNNICUTT, 4.400;CABUÇU;2458 2454;0001-16-01;LUIZ;;;;;;;;;1;7;;TOTAL;157;100%;;;;;;;
8;8/2020 - SME;09/01/2020;GILLIARD;09/01/2020;BAIXA;RESOLVIDO;COLOCAÇÃO DE 1 PONTO 220V NA SALA 24;ELÉTRICA;SEDE PROGUARU;Resolvido pelo eletricista sérgio;RUA ARMINDA DE LIMA, 788;VILA PROGRESSO;2475-9000;0001-16-07;MARCOS TERRITO;PRESENCIAL;;;;;;;;1;8;;;;;;;;;;;
9;9/2020 - SME;09/01/2020;GENIVAL;09/01/2020;MÉDIA;RESOLVIDO;2 CHUVEIROS PINGANDO CONSTATEMENTE NOS VESTIARIOS DO TAPA VALAS;HIDRAULICA;SEDE PROGUARU;;RUA ARMINDA DE LIMA, 788;VILA PROGRESSO;2475-9000;0001-16-07;CELIA CAMPANO;WHATSAPP;;;;;;;;1;9;;;;;;;;;;;
10;10/2020 - SME;09/01/2019;GENIVAL;09/01/2020;MÉDIA;RESOLVIDO;VAZAMENTO NO ENGATE DO LAVATÓRIO, WC PORTARIA PRINCIPAL;HIDRAULICA;SEDE PROGUARU;;RUA ARMINDA DE LIMA, 788;VILA PROGRESSO;2475-9000;0001-16-07;VERA;WHATSAPP;;;;;;;;1;10;;;;;;;;;;;
11;11/2020 - SME;16/01/2020;GILLIARD;16/01/2020;ALTA;AGUARDANDO MATERIAIS;PROBLEMA NA ILUMINAÇÃO DO SETOR DE OBRAS VIÁRIAS;ELÉTRICA;SEDE PROGUARU;falta solicitar 4 interruptores bipolares;RUA ARMINDA DE LIMA, 788;VILA PROGRESSO;2475-9000;0001-16-07;;;;;;;;;;1;11;ORIGEM;TIPO;QTD.;;;;;;;;
12;12/2020 - SME;10/01/2020;GENIVAL;;MÉDIA;RESOLVIDO;MANUTENÇÃO NA PLACA DO TETO - CONTROLE INTERNO;CIVIL;SEDE PROGUARU;;RUA ARMINDA DE LIMA, 788;VILA PROGRESSO;2475-9000;0001-16-07;DANIELA PULIEZI;E-MAIL;;;;;;;;1;12;E-MAIL;CIVIL;11;;;;;;;;
13;13/2020 - SME;16/01/2020;RICARDO;;MÉDIA;AGUARDANDO VISTORIA;MANUTENÇÃO NO PORTÃO SOCIAL;SERRALHERIA;C. O. CUMBICA;;RUA ATALAIA DO NORTE, 150; CUMBICA;2412 2748;0001-16-01;DENIS ROBERTO;E-MAIL;;;;;;;;1;13;CI;ELÉTRICA;94;;;;;;;;
14;14/2020 - SME;16/01/2020;GENIVAL;;MÉDIA;AGUARDANDO VISTORIA;MANUTENÇÃO NO FORRO DA SALA DE ADMINISTRAÇÃO DO TAPA VALAS;CARPINTARIA;C. O. CABUÇU;;RUA BENJAMIN HARRIS HUNNICUTT, 4.400;CABUÇU;2458 2454;0001-16-01;LUIZ FREITAS;E-MAIL;;;;;;;;1;14;OFICIO;HIDRAULICA;25;;;;;;;;
15;15/2020 - SME;16/01/2020;GILLIARD;;BAIXA;RESOLVIDO;SOLICITA INSTALAÇÃO DE VENTILADORES NA SALA DE ADMINISTRAÇÃO DO TAPA VALAS;ELÉTRICA;C. O. CABUÇU;;RUA BENJAMIN HARRIS HUNNICUTT, 4.400;CABUÇU;2458 2454;0001-16-01;LUIZ FREITAS;E-MAIL;;;;;;;;1;15;TELEFONE;CARPINTARIA;7;;;;;;;;
16;16/2020 - SME;17/01/2020;GILLIARD;;MÉDIA;RESOLVIDO;"SOLICITAMOS PROVIDENCIAR A INSTALAÇÃO ELÉTRICA E CABO DE REDE PARA UTILIZAÇÃO DE UM COMPUTADOR E A  INSTALAÇÃO DE UMA EXTENSÃO DE TELEFONE NA MESA DO SR. MARCOS  -TÉC. DE PAVIMENTAÇÃO   
LOCAL: SALA DO TB - C.O. CABUÇU.";ELÉTRICA;C. O. CABUÇU;;RUA BENJAMIN HARRIS HUNNICUTT, 4.400;CABUÇU;2458 2454;0001-16-01;CELIA CAMPANO;E-MAIL;;;;;;;;1;16;WHATSAPP;SERRALHERIA;11;;;;;;;;
17;17/2020 - SME;17/01/2020;GILLIARD;;BAIXA;RESOLVIDO;TROCA DE LÂMPADA QUEIMADA NO SESMT;ELÉTRICA;SEDE PROGUARU;;RUA ARMINDA DE LIMA, 788;VILA PROGRESSO;2475-9000;0001-16-07;SESMT;E-MAIL;;;;;;;;1;17;PRESENCIAL;PROJETO;0;;;;;;;;
18;18/2020 - SME;17/01/2020;GILLIARD;;BAIXA;RESOLVIDO;TROCA DE LÂMPADA QUEIMADA NO RH;ELÉTRICA;SEDE PROGUARU;;RUA ARMINDA DE LIMA, 788;VILA PROGRESSO;2475-9000;0001-16-07;SESMT;E-MAIL;;;;;;;;1;18;;DIVERSOS;1;;;;;;;;
19;19/2020 - SME;09/01/2020;GENIVAL;;MÉDIA;RESOLVIDO;TORNEIRA NO SETOR DE TRANSPORTE LEVE PINGANGO CONSTANTEMENTE;HIDRAULICA;SEDE PROGUARU;;RUA ARMINDA DE LIMA, 788;VILA PROGRESSO;2475-9000;0001-16-07;TRANS. LEVE;E-MAIL;;;;;;;;1;19;;OUTROS;8;;;;;;;;
20;20/2020 - SME;22/01/2020;GILLIARD;22/01/2020;MÉDIA;RESOLVIDO;CHUVEIROS DOS VESTIÁRIOS COM PROBLEMAS;ELÉTRICA;SEÇÃO DE TRANSP. PESADO;5 chuveiros solicitados para isabelle dia 22/01/2020;RUA PEDRO DE TOLEDO, 360;TABOÃO;2402-8710;0001-16-01;JULIO;PRESENCIAL;;;;;;;;1;20;;TOTAL;157;;;;;;;;
21;21/2020 - SME;23/01/2020;GILLIARD;;BAIXA;RESOLVIDO;PROBLEMA NA ILUMNAÇÃO DA SALA DA MEIRE;ELÉTRICA;C. O. TABOÃO;;RUA PEDRO DE TOLEDO, 500 ;TABOÃO; 2404 4331;0001-16-01;;;;;;;;;;1;21;;;;;;;;;;;
22;22/2020 - SME;23/01/2020;GILLIARD;;BAIXA;RESOLVIDO;PROBLEMA NA ILUMINAÇÃO NO BANHEIRO MASCULINO;ELÉTRICA;FÁBRICA DE PRÉ-MOLDADOS;;RUA CARNAUBAIS, 200;SÃO JOÃO;2467 2932;0003-05;;;;;;;;;;1;22;;;;;;;;;;;
23;23/2020 - SME;24/01/2020;GILLIARD;;MÉDIA;RESOLVIDO;PROBLEMA NA ILUMINAÇÃO DO GOR;ELÉTRICA;SEDE PROGUARU;;RUA ARMINDA DE LIMA, 788;VILA PROGRESSO;2475-9000;0001-16-07;DENISE;;;;;;;;;1;23;;;;;;;;;;;
24;24/2020 - SME;28/01/2020;GILLIARD;;BAIXA;RESOLVIDO;PROBLEMA NA ILUMINAÇÃO DA SALA DAS TELEFONISTAS;ELÉTRICA;SEDE PROGUARU;;RUA ARMINDA DE LIMA, 788;VILA PROGRESSO;2475-9000;0001-16-07;DENIS ROBERTO;;;;;;;;;1;24;;;;;;;;;;;
25;25/2020 - SME;28/01/2020;GILLIARD;;BAIXA;AGUARDANDO VISTORIA;PROBLEMA NA ILUMINAÇÃO EXTERNA;ELÉTRICA;C. O. CUMBICA;;RUA ATALAIA DO NORTE, 150; CUMBICA;2412 2748;0001-16-01;DENIS ROBERTO;;;;;;;;;1;25;;;;;;;;;;;
26;26/2020 - SME;28/01/2020;GILLIARD;;BAIXA;RESOLVIDO;PROBLEMA EM TOMADA NA SALA 3;ELÉTRICA;C. O. CABUÇU;;RUA BENJAMIN HARRIS HUNNICUTT, 4.400;CABUÇU;2458 2454;0001-16-01;;;;;;;;;;1;26;;;;;;;;;;;
27;27/2020 - SME;29/01/2020;RICARDO;;ALTA;RESOLVIDO;PORTA DE AÇO, GRADE E PORTAO PARA SALA DO PAINEL ELÉTRICO NO PISCINAO ;SERRALHERIA;SERRALHERIA IPANEMA;;RUA CAMPO GRANDE, 188;JD. IPANEMA;0;0;ENG. ROBSON;WHATSAPP;;;;;;;;1;27;;;;;;;;;;;
28;28/2020 - SME;29/01/2020;RICARDO;;ALTA;RESOLVIDO;DISPOSITIVO DE SEGURANCA PARA PADRAO DE ENTRADA E PAINEL ELETRICO DO PISCINAO.;SERRALHERIA;SERRALHERIA IPANEMA;;RUA CAMPO GRANDE, 188;JD. IPANEMA;0;0;ENG. ROBSON;WHATSAPP;;;;;;;;1;28;;;;;;;;;;;
29;29/2020 - SME;29/01/2020;RICARDO;;ALTA;RESOLVIDO;GRADIL PARA FECHAMENTO DO PADRAO DE ENTRADA DO PISCINAO;SERRALHERIA;SERRALHERIA IPANEMA;;RUA CAMPO GRANDE, 188;JD. IPANEMA;0;0;ENG. ROBSON;WHATSAPP;;;;;;;;1;29;;;;;;;;;;;
30;30/2020 - SME;31/01/2020;GILLIARD;;ALTA;RESOLVIDO;PROBLEMA NA IDENTIFICAÇÃO DAS TOMADAS 220V;ELÉTRICA;SEDE PROGUARU;;RUA ARMINDA DE LIMA, 788;VILA PROGRESSO;2475-9000;0001-16-07;;;;;;;;;;1;30;;;;;;;;;;;
31;31/2020 - SME;24/01/2020;GENIVAL;24/01/2020;MÉDIA;RESOLVIDO;GOSTARIA DE SOLICITAR A MANUTENÇÃO DO NOSSO BANHEIRO QUE SE ENCONTRA COM VAZAMENTO DE ÁGUA, APÓS O USO DA DESCARGA, ESTÁ HORRÍVEL A UTILIZAÇÃO DO MESMO.;HIDRAULICA;ALMOXARIFADO PIO XII;;AV. PAPA PIO XII, 975;MACEDO;2087-0286;0001-16-08;MEICE CABRAL;E-MAIL;24/01/2020;1;24/01/2020;24/01/2020;100%;;;1;31;;;;;;;;;;;
32;32/2020 - SME;24/01/2020;GENIVAL;24/01/2020;MÉDIA;AGUARDANDO MATERIAIS;SOLICITAMOS POR GENTILEZA, A MANUTENÇÃO, REGULAGEM  OU SUBSTITUIÇÃO DA MOLA DO PORTÃO SOCIAL DA SEDE, QUANDO SOLTA O PORTÃO, ELA ACABA BATENDO O QUE PODE OCASIONAR DANOS MAIORES. ;OUTROS;SEDE PROGUARU;A MOLA EXISTENTE PRECISA SER SUBSTITUIDA;RUA ARMINDA DE LIMA, 788;VILA PROGRESSO;2475-9000;0001-16-07;DENIS ROBERTO;E-MAIL;;;;;;;;1;32;;;;;;;;;;;
33;33/2020 - SME;31/01/2020;GENIVAL;31/01/2020;MÉDIA;VISTORIADO;MANUTENÇÃO NA GRELHA DO CORREDOR DE ACESSO PORTARIA 1;SERRALHERIA;SEDE PROGUARU;;RUA ARMINDA DE LIMA, 788;VILA PROGRESSO;2475-9000;0001-16-07;SESMT;E-MAIL;;;;;;;;1;33;;;;;;;;;;;
34;34/2020 - SME;03/02/2020;GENIVAL;03/02/2020;MÉDIA;RESOLVIDO;VENHO POR MEIO DESTE E-MAIL SOLICITAR UMA VISTORIA NOS FIOS ELÉTRICOS NO COMPUTADOR,POIS O MESMO SE ENCONTRA INOPERANTE. (SERVIÇO MÉDICO);ELÉTRICA;SEDE PROGUARU;;RUA ARMINDA DE LIMA, 788;VILA PROGRESSO;2475-9000;0001-16-07;MÔNICA LEAL;E-MAIL;03/02/2020;1;03/02/2020;03/02/2020;100%;;;1;34;;;;;;;;;;;
35;35/2020 - SME;04/02/2020;GENIVAL;14/02/2020;MÉDIA;RESOLVIDO;GOSTARÍAMOS DE SOLICITAR UM ENCANADOR PARA INSTALAR UM REGISTRO NA TUBULAÇÃO DE ÁGUA PARA O SETOR DE BORRACHARIA.;HIDRAULICA;SEÇÃO DE TRANSP. PESADO;;RUA PEDRO DE TOLEDO, 360;TABOÃO;2402-8710;0001-16-01;GABRIEL MALFATO;E-MAIL;;;;;;;;1;35;;;;;;;;;;;
36;36/2020 - SME;05/02/2020;GENIVAL;;MÉDIA;AGUARDANDO VISTORIA;SOLICITAMOS A MANUTENÇÃO DE JANELA NA SALA 1.37, CUJO BASCULANTE QUEBROU. A JANELA ESTÁ PENDURADA, PODENDO OCASIONAR ACIDENTES. (GERENCIA DE COMUNICAÇÃO);SERRALHERIA;SEDE PROGUARU;;RUA ARMINDA DE LIMA, 788;VILA PROGRESSO;2475-9000;0001-16-07;PAULA MARUELLI;E-MAIL;;;;;;;;1;36;;;;;;;;;;;
37;37/2020 - SME;05/02/2020;GENIVAL;;BAIXA;RESOLVIDO;"SOLICITAMOS A MANUTENÇÃO (RECOLOCAÇÃO) DE PLACAS DE ISOPOR NO TETO DA SALA 1.37, QUE FORAM DESLOCADAS DEVIDO A UMA VENTANIA.
NENHUMA PLACA ESTÁ QUEBRADA.";OUTROS;SEDE PROGUARU;;RUA ARMINDA DE LIMA, 788;VILA PROGRESSO;2475-9000;0001-16-07;PAULA MARUELLI;E-MAIL;;;;;;;;1;37;;;;;;;;;;;
38;38/2020 - SME;05/02/2020;GENIVAL;;BAIXA;RESOLVIDO;SOLICITO A INSTALAÇÃO DE UMA TOMADA PARA VENTILADOR (protocolo);ELÉTRICA;SEDE PROGUARU;;RUA ARMINDA DE LIMA, 788;VILA PROGRESSO;2475-9000;0001-16-07;JOSE CARDOSO;E-MAIL;;;;;;;;1;38;;;;;;;;;;;
39;39/2020 - SME;05/02/2020;GENIVAL;;MÉDIA;AGUARDANDO VISTORIA;INFORMAMOS QUE A MANGUEIRA DE GÁS LOCALIZADA NO REFEITÓRIO DA MECÂNICA VEM APRESENTANDO VAZAMENTO E OS FUNCIONÁRIOS ESTÃO RECLAMANDO PELO ODOR EXALADO. DIANTE DISSO, SOLICITAMOS QUE ESTA SEJA SUBSTITUÍDA PARA SANAR O PROBLEMA.;OUTROS;SEÇÃO DE TRANSP. PESADO;;RUA PEDRO DE TOLEDO, 360;TABOÃO;2402-8710;0001-16-01;GABRIEL MALFATO;E-MAIL;;;;;;;;1;39;;;;;;;;;;;
40;40/2020 - SME;06/02/2020;GENIVAL;;MÉDIA;AGUARDANDO VISTORIA;SOLDAR PORTÃO SOCIAL;SERRALHERIA;C. O. AEROPORTO;;AV. PAPA JOÃO PAULO, 2000;CUMBICA; 2484-7772;0001-16-01;FERNANDA MARA;E-MAIL;;;;;;;;1;40;;;;;;;;;;;
41;41/2020 - SME;13/02/2020;GENIVAL;13/02/2020;ALTA;AGUARDANDO MATERIAIS;MANUTENÇÃO NA FEHADURA DO PORTÃO SOCIAL;OUTROS;SEDE PROGUARU;FEITO A REQUISIÇÃO DE NOVA FECHADURA;RUA ARMINDA DE LIMA, 788;VILA PROGRESSO;2475-9000;0001-16-07;DENIS ROBERTO;E-MAIL;;;;;;;;1;41;;;;;;;;;;;
42;42/2020 - SME;13/02/2020;GENIVAL;;MÉDIA;AGUARDANDO VISTORIA;CONCRETAGEM DA RAMPA DE ENTRADA DO ESTACIONAMENTO;CIVIL;CENTRO DE APOIO REGIÃO CENTRAL;;RUA JACOB BITTENCOURT, 100;JD. SÃO ROBERTO;0;0001-16-17;GOR;E-MAIL;;;;;;;;1;42;;;;;;;;;;;
43;43/2020 - SME;13/02/2020;GENIVAL;;MÉDIA;AGUARDANDO VISTORIA;COLOCAÇÃO DE VIDROS NA JANELA DO REFEITORIO, COZINHA E ADMINISTRAÇÃO;OUTROS;CENTRO DE APOIO REGIÃO CENTRAL;;RUA JACOB BITTENCOURT, 100;JD. SÃO ROBERTO;0;0001-16-17;GOR;E-MAIL;;;;;;;;1;43;;;;;;;;;;;
44;44/2020 - SME;13/02/2020;GENIVAL;;MÉDIA;AGUARDANDO VISTORIA;TELHADO COM DIVERSOS PONTOS DE GOTEIRAS NA SALA DE ADMINISTRAÇÃO E ALMOXARIFADO;CARPINTARIA;CENTRO DE APOIO REGIÃO CENTRAL;;RUA JACOB BITTENCOURT, 100;JD. SÃO ROBERTO;0;0001-16-17;GOR;E-MAIL;;;;;;;;1;44;;;;;;;;;;;
45;45/2020 - SME;13/02/2020;GENIVAL;;MÉDIA;RESOLVIDO;MANUTENÇÃO NOS CHUVEIROS VEST. MASCULINO;ELÉTRICA;CENTRO DE APOIO REGIÃO CENTRAL;;RUA JACOB BITTENCOURT, 100;JD. SÃO ROBERTO;0;0001-16-17;GOR;E-MAIL;;;;;;;;1;45;;;;;;;;;;;
46;46/2020 - SME;13/02/2020;GENIVAL;;MÉDIA;AGUARDANDO VISTORIA;REFLETORES QUEIMADOS NA AREA EXTERNA;ELÉTRICA;CENTRO DE APOIO REGIÃO CENTRAL;;RUA JACOB BITTENCOURT, 100;JD. SÃO ROBERTO;0;0001-16-17;GOR;E-MAIL;;;;;;;;1;46;;;;;;;;;;;
47;47/2020 - SME;14/02/2020;GENIVAL;;MÉDIA;RESOLVIDO;SOLICITAMOS UMA EQUIPE PARA INSTALAR UM PONTO DE LUZ NO CANIL DA REGIONAL CABUÇU.;ELÉTRICA;C. O. CABUÇU;;RUA BENJAMIN HARRIS HUNNICUTT, 4.400;CABUÇU;2458 2454;0001-16-01;NICHOLAS;E-MAIL;;;;;;;;1;47;;;;;;;;;;;
48;48/2020 - SME;14/02/2020;GENIVAL;;MÉDIA;AGUARDANDO VISTORIA;SOLICITAMOS A GENTILEZA DE VERIFICAR NO DEPARTAMENTO JURÍDICO SALA 173, A PAREDE PRÓXIMO A BOMBA DE ÁGUA, ONDE ENCONTRA-SE COM UMIDADE E O REBOQUE DA PAREDE ESTA CAINDO, SOLICITAMOS A GENTILEZA DE VERIFICAR E PROVIDÊNCIAS NECESSÁRIAS.;CIVIL;SEDE PROGUARU;;RUA ARMINDA DE LIMA, 788;VILA PROGRESSO;2475-9000;0001-16-07;IDALINA;E-MAIL;;;;;;;;1;48;;;;;;;;;;;
49;49/2020 - SME;14/02/2020;GENIVAL;;MÉDIA;AGUARDANDO VISTORIA;GOTEIRA NO TETO DA SALA DE TRANSPORTE LEVE, NECESSITA DE REVISÃO NO TELHADO;CARPINTARIA;SEDE PROGUARU;;RUA ARMINDA DE LIMA, 788;VILA PROGRESSO;2475-9000;0001-16-07;SANDRO DIAS;E-MAIL;;;;;;;;1;49;;;;;;;;;;;
50;50/2020 - SME;20/01/2020;GENIVAL;20/01/2020;BAIXA;RESOLVIDO;BANHEIRO ESTÁ PRECISANDO DE UMA MANUTENÇÃO EM UM VASO SANITÁRIO.  É NECESSÁRIO UMA TORRE DE ENTRADA PARA CAIXA ACOPLADA.;HIDRAULICA;C. O. CABUÇU;;RUA BENJAMIN HARRIS HUNNICUTT, 4.400;CABUÇU;2458 2454;0001-16-01;NICHOLAS;E-MAIL;20/01/2020;1;20/01/2020;20/01/2020;100%;;;1;50;;;;;;;;;;;
51;51/2020 - SME;17/01/2020;GENIVAL;;MÉDIA;AGUARDANDO VISTORIA;CAMINHÃO COLIDIU NO MURO AO TENTAR ENTRAR COM O CAMINHÃO. CAUSANDO AVARIA DO LADO ESQUERDO SUPERIOR DO MURO, COMPROMETENDO O MOVIMENTO DO PORTÃO E PONDO EM RISCO A SEGURANÇA DE NOSSOS COLABORADORES. SOLICITAMOS A MANUTENÇÃO ASSIM QUE POSSÍVEL.;CIVIL;C. O. PIMENTAS;;RUA ARACY, 188;JARDIM LEBLON;2486 2728;0001-16-01;EDSON LIMA;E-MAIL;;;;;;;;1;51;;;;;;;;;;;
52;52/2020 - SME;17/02/2020;;;MÉDIA;AGUARDANDO VISTORIA;SOLICITAMOS O DESENTUPIMENTO DO VASO SANITÁRIO NO BANHEIRO MASCULINO DA MECÂNICA.;HIDRAULICA;SEÇÃO DE TRANSP. PESADO;;RUA PEDRO DE TOLEDO, 360;TABOÃO;2402-8710;0001-16-01;GABRIEL MALFATO;E-MAIL;;;;;;;;1;52;;;;;;;;;;;
53;53/2020 - SME;18/02/2020;GENIVAL;;ALTA;AGUARDANDO VISTORIA;SOLICITAMOS POR GENTILEZA COM URGÊNCIA O REPARO NO PORTÃO DO C.O AEROPORTO E O CONSERTO DO CABO ELÉTRICO QUE FOI  ROMPIDO DEVIDO A UMA COLISÃO DE UMA MAQUINA COM O POSTE, ONDE FICA UM DOS POUCOS REFLETORES EM FUNCIONAMENTO QUE TEMOS NO LOCAL ESTAMOS FALANDO DE UM LOCAL QUE TEM UMA LOCALIZAÇÃO DESFAVORÁVEL, O POSTO JÁ APRESENTA UMA DEFICIÊNCIA MUITO GRANDE EM QUESTÃO A ILUMINAÇÃO E TEM HISTÓRICO DE INVASÃO NESTA UNIDADE, SE POSSÍVEL INSTALAR NOVOS PONTOS DE ILUMINAÇÃO.;SERRALHERIA;C. O. AEROPORTO;;AV. PAPA JOÃO PAULO, 2000;CUMBICA; 2484-7772;0001-16-01;DENIS ROBERTO;E-MAIL;;;;;;;;1;53;;;;;;;;;;;
54;54/2020 - SME;18/02/2020;GENIVAL;;MÉDIA;RESOLVIDO;VERIFICAR O BANHEIRO MASCULINO NO SEGUNDO ANDAR PRÓXIMO AO R.H, O MESMO ESTÁ ENTUPIDO;HIDRAULICA;SEDE PROGUARU;;RUA ARMINDA DE LIMA, 788;VILA PROGRESSO;2475-9000;0001-16-07;DENIS ROBERTO;E-MAIL;;;;;;;;1;54;;;;;;;;;;;
55;55/2020 - SME;18/02/2020;CAMILA;;MÉDIA;RESOLVIDO;O VESTIÁRIO FEMININO ESTA COM VAZAMENTO NO CANO DO VASO PODENDO OCASIONAR ACIDENTES;HIDRAULICA;SEDE PROGUARU;;RUA ARMINDA DE LIMA, 788;VILA PROGRESSO;2475-9000;0001-16-07;DENIS ROBERTO;E-MAIL;;;;;;;;1;55;;;;;;;;;;;
56;56/2020 - SME;18/02/2020;GILLIARD;18/02/2020;BAIXA;RESOLVIDO;"SUBSTITUIÇÃO DE UMA LÂMPADA QUEIMADA NA SALA DA GERÊNCIA GCCA, COM A REFORMULAÇÃO NO LAYOUT DA SALA, FICOU UM POUCO ESCURO DIFICULTANDO A VISÃO DO AMBIENTE.
";ELÉTRICA;SEDE PROGUARU;;RUA ARMINDA DE LIMA, 788;VILA PROGRESSO;2475-9000;0001-16-07;DENIS ROBERTO;E-MAIL;;;;;;;;1;56;;;;;;;;;;;
57;57/2020 - SME;18/02/2020;GILLIARD;19/02/2020;BAIXA;RESOLVIDO;"SOLICITO A INSTALAÇÃO DE 04 VENTILADORES DE PAREDE NA SALA DA GERÊNCIA DE PLANEJAMENTO DA DIRTEC 1.
NO CASO, OS VENTILADORES JÁ FORAM COMPRADOS E ESTÃO À DISPOSIÇÃO PARA SEREM INSTALADOS.";ELÉTRICA;SEDE PROGUARU;Aguardando oportunidade de execução;RUA ARMINDA DE LIMA, 788;VILA PROGRESSO;2475-9000;0001-16-07;MILA MORIMOTO;E-MAIL;;;;;;;;1;57;;;;;;;;;;;
58;58/2020 - SME;18/02/2020;GENIVAL;18/02/2020;BAIXA;RESOLVIDO;O VIDRO DE UMA DAS JANELAS NA SALA DO JURÍDICO SOLTOU, NECESSITANDO DE CONSERTO URGENTE DADO O RISCO DE ACIDENTES E DAS CHUVAS RECORRENTES. CONSULTAMOS A POSSIBILIDADE DE VISTORIA NAS DEMAIS JANELAS.;OUTROS;SEDE PROGUARU;;RUA ARMINDA DE LIMA, 788;VILA PROGRESSO;2475-9000;0001-16-07;SESMT;E-MAIL;19/02/2020;;;19/02/2020;100%;;;1;58;;;;;;;;;;;
59;59/2020 - SME;19/02/2020;GILLIARD;19/02/2020;BAIXA;RESOLVIDO;TROCA DE LAMPADA E REATOR NO ARQUIVO DO RH;ELÉTRICA;SEDE PROGUARU;AOS CUIDADOS DO SERGIO;RUA ARMINDA DE LIMA, 788;VILA PROGRESSO;2475-9000;0001-16-07;PEDRO;PRESENCIAL;;;;;;;;1;59;;;;;;;;;;;
60;60/2020 - SME;20/02/2020;IZAIAS;;BAIXA;AGUARDANDO MATERIAIS;INSTALAÇÃO DE COMPRESSOR DE AR;ELÉTRICA;SEÇÃO DE TRANSP. PESADO;perguntar se foi resolvido para o julho;RUA PEDRO DE TOLEDO, 360;TABOÃO;2402-8710;0001-16-01;TIDI;;;;;;;;;1;60;;;;;;;;;;;
61;61/2020 - SME;21/02/2020;CLAUDINEI;;BAIXA;AGUARDANDO VISTORIA;REVISÃO NAS PORTAS E JANELAS METÁLICAS DO PARQUE JOSÉ DE ALENCAR;SERRALHERIA;SUP. PARQUE, PRAÇAS E ÁREAS VERDES;;Rua Catulo da Paixão Cearense, s/n;Jardim América;2475-9027;0012-02-02-0001;THAMIRIS;SIPEX;;;;;;;;1;61;;;;;;;;;;;
62;62/2020 - SME;21/02/2020;RUBENS;;BAIXA;AGUARDANDO VISTORIA;REVISÃO NO TELHADO DO PARQUE JOSÉ DE ALENCAR;CARPINTARIA;SUP. PARQUE, PRAÇAS E ÁREAS VERDES;;Rua Catulo da Paixão Cearense, s/n;Jardim América;2475-9027;0012-02-02-0001;THAMIRIS;SIPEX;;;;;;;;1;62;;;;;;;;;;;
63;63/2020 - SME;21/02/2020;;21/02/2020;ALTA;VISTORIADO;CAMINHÃO COLIDIU COM A COLUNA DE APOIO DO PORTÃO 3 E ARRANCOU O BATENTE DE ENCOSTO DO PORTÃO.;SERRALHERIA;SEDE PROGUARU;ESTÁ SENDO TRANCADO NA CORRENTE PROVISIORAMENTE ATÉ PROGRAMAR COM A SERRALHERIA;RUA ARMINDA DE LIMA, 788;VILA PROGRESSO;2475-9000;0001-16-07;DENIS ROBERTO;E-MAIL;;;;;;;;1;63;;;;;;;;;;;
64;64/2020 - SME;21/02/2020;;;BAIXA;RESOLVIDO;PINTURA DA SALA DE INFORMATICA;CIVIL;SEDE PROGUARU;;RUA ARMINDA DE LIMA, 788;VILA PROGRESSO;2475-9000;0001-16-07;MARCOS GARCIA;E-MAIL;;;;;;;;1;64;;;;;;;;;;;
65;65/2020 - SME;28/02/2020;;;MÉDIA;AGUARDANDO VISTORIA;INFILTRAÇÃO NA SAÇA DA TOPOGRAFIA EM VÁRIOS PONTOS, MOLHANDO EQUIPAMENTOS;CIVIL;SEDE PROGUARU;;RUA ARMINDA DE LIMA, 788;VILA PROGRESSO;2475-9000;0001-16-07;JOSÉ LEVINDO;E-MAIL;;;;;;;;1;65;;;;;;;;;;;
66;66/2020 - SME;28/02/2020;;;MÉDIA;RESOLVIDO;REPARO NO TRINCO DO BANHEIRO DO PISO TÉRREO EM FRENTE AO RH;OUTROS;SEDE PROGUARU;;RUA ARMINDA DE LIMA, 788;VILA PROGRESSO;2475-9000;0001-16-07;DENIS ROBERTO;E-MAIL;;;;;;;;1;66;;;;;;;;;;;
67;67/2020 - SME;28/02/2020;;;ALTA;RESOLVIDO;DESENTUPIMENTO DOS BANHEIROS DO VESTIÁRIO 02 E DA PORTARIA 03 QUE ESTÃO TRANSBORDANDO;HIDRAULICA;SEDE PROGUARU;;RUA ARMINDA DE LIMA, 788;VILA PROGRESSO;2475-9000;0001-16-07;DENIS ROBERTO;E-MAIL;;;;;;;;1;67;;;;;;;;;;;
68;68/2020 - SME;03/03/2020;GILLIARD;;ALTA;EM ATENDIMENTO;READEQUAÇÃO DAS INSTALAÇÕES ELÉTRICAS PARA CONTRATO DA SEGURADORA;ELÉTRICA;C. O. CABUÇU;materiais solicitados em 03/03/2020 para Isabelle;RUA BENJAMIN HARRIS HUNNICUTT, 4.400;CABUÇU;2458 2454;0001-16-01;;;;;;;;;;1;68;;;;;;;;;;;
69;69/2020 - SME;03/03/2020;IZAIAS;;MÉDIA;RESOLVIDO;READEQUAÇÃO DAS INSTALAÇÕES ELÉTRICAS DA SALA DO FINANCEIRO;ELÉTRICA;SEDE PROGUARU;;RUA ARMINDA DE LIMA, 788;VILA PROGRESSO;2475-9000;0001-16-07;MARCOS TERRITO;PRESENCIAL;;;;;;;;1;69;;;;;;;;;;;
70;70/2020 - SME;03/03/2020;IZAIAS;;MÉDIA;RESOLVIDO;PROBLEMA NA ILUMINAÇÃO DA SALA DA EQUIPE DE JARDINAGEM;ELÉTRICA;SEDE PROGUARU;;RUA ARMINDA DE LIMA, 788;VILA PROGRESSO;2475-9000;0001-16-07;RAI;PRESENCIAL;;;;;;;;1;70;;;;;;;;;;;
71;71/2020 - SME;03/03/2020;IZAIAS;;BAIXA;RESOLVIDO;PROBLEMA NA ILUMINAÇÃO DO ARQUIVO DO RH NA RAMPA;ELÉTRICA;SEDE PROGUARU;;RUA ARMINDA DE LIMA, 788;VILA PROGRESSO;2475-9000;0001-16-07;PEDRO RH;;;;;;;;;1;71;;;;;;;;;;;
72;72/2020 - SME;03/03/2020;IZAIAS;;MÉDIA;RESOLVIDO;READEQUAÇÃO DE SALA NA GERENCIA DE INOVAÇÃO;ELÉTRICA;SEDE PROGUARU;VERIFICAR LISTA DE MATERIAIS izaias;RUA ARMINDA DE LIMA, 788;VILA PROGRESSO;2475-9000;0001-16-07;;;;;;;;;;1;72;;;;;;;;;;;
73;73/2020 - SME;03/03/2020;GILLIARD;;MÉDIA;RESOLVIDO;READEQUAÇÃO DA ILUMINAÇÃO E TOMADAS NOVA SALA DO JOÃO FELIX;ELÉTRICA;SEDE PROGUARU;;RUA ARMINDA DE LIMA, 788;VILA PROGRESSO;2475-9000;0001-16-07;;;;;;;;;;1;73;;;;;;;;;;;
74;74/2020 - SME;03/03/2020;GILLIARD;;BAIXA;RESOLVIDO;PROBLEMA NA ILUMINAÇÃO DA SALA DO JURÍDICO;ELÉTRICA;SEDE PROGUARU;;RUA ARMINDA DE LIMA, 788;VILA PROGRESSO;2475-9000;0001-16-07;IDALINA;E-MAIL;;;;;;;;1;74;;;;;;;;;;;
75;75/2020 - SME;06/03/2020;GILLIARD;;MÉDIA;RESOLVIDO;MANUTENÇÃO DAS LÂMPADAS E REATORES DOS BANHEIROS EM FRENTE À QUADRA DA SEDE;ELÉTRICA;SEDE PROGUARU;;RUA ARMINDA DE LIMA, 788;VILA PROGRESSO;2475-9000;0001-16-07;JEFFERSON BRITO;E-MAIL;;;;;;;;1;75;;;;;;;;;;;
76;76/2020 - SME;13/03/2020;GILLIARD;;BAIXA;RESOLVIDO;PROBLEMA NA ILUMINAÇÃO DO BANHEIRO DA ADMINISTRAÇÃO;ELÉTRICA;C. O. SÃO JOÃO;;RUA CARNAUBAIS, 200;SÃO JOÃO;2467 2932;0001-16-01;VANDA;E-MAIL;;;;;;;;1;76;;;;;;;;;;;
77;77/2020 - SME;13/03/2020;GILLIARD;;BAIXA;RESOLVIDO;PROBLEMA NA ILUMINAÇÃO NA GERENCIA JURÍDICA;ELÉTRICA;SEDE PROGUARU;;RUA ARMINDA DE LIMA, 788;VILA PROGRESSO;2475-9000;0001-16-07;IDALINA;E-MAIL;;;;;;;;1;77;;;;;;;;;;;
78;78/2020 - SME;13/03/2020;GILLIARD;;BAIXA;AGUARDANDO MATERIAIS;PROBLEMA NA CHAVE LIGA/DESLIGA DA MESA VIBRATÓRIA;ELÉTRICA;C. O. SÃO JOÃO;;RUA CARNAUBAIS, 200;SÃO JOÃO;2467 2932;0001-16-01;VANDERLEI;E-MAIL;;;;;;;;1;78;;;;;;;;;;;
79;79/2020 - SME;13/03/2020;GILLIARD;;ALTA;RESOLVIDO;PROBLEMA NA INTERRUPTOR NA SALA DO JOEL;ELÉTRICA;SEDE PROGUARU;;RUA ARMINDA DE LIMA, 788;VILA PROGRESSO;2475-9000;0001-16-07;JOEL;PRESENCIAL;;;;;;;;1;79;;;;;;;;;;;
80;80/2020 - SME;13/03/2020;GILLIARD;;BAIXA;RESOLVIDO;PROBLEMA NO REFLETOR VAPOR DE SÓDIO DA ENTRADA;ELÉTRICA;CENTRO DE APOIO REGIÃO CENTRAL;;RUA JACOB BITTENCOURT, 100;JD. SÃO ROBERTO;0;0001-16-17;GIL;PRESENCIAL;;;;;;;;1;80;;;;;;;;;;;
81;81/2020 - SME;14/03/2020;GILLIARD;;ALTA;RESOLVIDO;COLOCAÇÃO DE ESPELHO CONVEXO NA PORTARIA;ELÉTRICA;SEDE PROGUARU;;RUA ARMINDA DE LIMA, 788;VILA PROGRESSO;2475-9000;0001-16-07;;;;;;;;;;1;81;;;;;;;;;;;
82;82/2020 - SME;16/03/2020;GILLIARD;;BAIXA;RESOLVIDO;PROBLEMA NO DISJUNTOR DA POLICORTE;ELÉTRICA;FÁBRICA DE PRÉ-MOLDADOS;;RUA CARNAUBAIS, 200;SÃO JOÃO;2467 2932;0003-05;WANDERLEY;WHATSAPP;;;;;;;;1;82;;;;;;;;;;;
83;83/2020 - SME;17/03/2020;GILLIARD;;BAIXA;RESOLVIDO;PROBLEMA DE OSCILAÇÃO DE ENERGIA ELÉTRICA;ELÉTRICA;SEÇÃO DE TRANSP. PESADO;;RUA PEDRO DE TOLEDO, 360;TABOÃO;2402-8710;0001-16-01;;;;;;;;;;1;83;;;;;;;;;;;
84;84/2020 - SME;18/03/2020;GILLIARD;;BAIXA;RESOLVIDO;PROBLEMA NA ILUMINAÇÃO DO ALMOXARIFADO;ELÉTRICA;C. O. BONSUCESSO;;RUA ANTÔNIO TAVA, 200 ;BONSUCESSO; 2438 2667;0001-16-01;ANTHONY;;;;;;;;;1;84;;;;;;;;;;;
85;85/2020 - SME;17/03/2020;CAMILA;17/03/2020;MÉDIA;RESOLVIDO;VALVULA HIDRA DO BANHEIRO FEMININO NO 1º ANDAR VAZANDO CONSTANTEMENTE;HIDRAULICA;SEDE PROGUARU;FOI INTERDITADO O LOCAL ATÉ QUE SE PREOVIDENCIE O REPARO;RUA ARMINDA DE LIMA, 788;VILA PROGRESSO;2475-9000;0001-16-07;CAMILA;PRESENCIAL;;;;;;;;1;85;;;;;;;;;;;
86;86/2020 - SME;11/03/2020;;;BAIXA;AGUARDANDO VISTORIA;FOI COLOCADO UM PORTÃO NOVO EM NOSSO PÁTIO DE ARMAZENAMENTO DE MATERIAIS, NECESSITAMOS QUE O MESMO SEJA PINTADO, COR: AZUL MARINHO COM LOGO DA PROGUARU E O NOME C.O SÃO JOÃO;CIVIL;C. O. SÃO JOÃO;;RUA CARNAUBAIS, 200;SÃO JOÃO;2467 2932;0001-16-01;;E-MAIL;;;;;;;;1;86;;;;;;;;;;;
87;87/2020 - SME;16/03/2020;;;ALTA;AGUARDANDO VISTORIA;ESTAMOS COM UM VAZAMENTO DE ÁGUA MUITO FORTE NO CANO QUE TRÁS ÁGUA PARA REGIONAL ACREDITAMOS QUE O CANO DEVE TER ESTOURADO;HIDRAULICA;C. O. SÃO JOÃO;;RUA CARNAUBAIS, 200;SÃO JOÃO;2467 2932;0001-16-01;VANDA;E-MAIL;;;;;;;;1;87;;;;;;;;;;;
88;88/2020 - SME;16/03/2020;;;MÉDIA;AGUARDANDO VISTORIA;SOLICITAMOS A MANUTENÇÃO DO MICTÓRIO LOCALIZADO NO VESTIÁRIO DA EQUIPE DE BOCA DE LOBO, POIS O MESMO ESTA VAZANDO E MOLHANDO O LOCAL;HIDRAULICA;C. O. PIMENTAS;;RUA ARACY, 188;JARDIM LEBLON;2486 2728;0001-16-01;UBIRAJARA;E-MAIL;;;;;;;;1;88;;;;;;;;;;;
89;89/2020 - SME;18/03/2020;;;MÉDIA;AGUARDANDO VISTORIA;SOLICITO DIVIDIR A PORTA DA SALA 119 (ENTREGA DE EPI) AO MEIO, SEMELHANTE A QUE FOI FEITA NA SALA DE COMPRAS.  TAL SOLICITAÇÃO SE FAZ NECESSÁRIA PARA EVITAR AGLOMERAÇÕES NO LOCAL E O MELHOR ATENDIMENTO E DISTRIBUIÇÃO DOS EPIS AOS FUNCIONÁRIOS ;CARPINTARIA;SEDE PROGUARU;;RUA ARMINDA DE LIMA, 788;VILA PROGRESSO;2475-9000;0001-16-07;CELIA CAMPANO;E-MAIL;;;;;;;;1;89;;;;;;;;;;;
90;90/2020 - SME;26/03/2020;GILLIARD;;BAIXA;RESOLVIDO;PROBLEMA NA ILUMINAÇÃO DO SETOR DE PROTOCOLO;ELÉTRICA;SEDE PROGUARU;;RUA ARMINDA DE LIMA, 788;VILA PROGRESSO;2475-9000;0001-16-07;JOSÉ CARDOSO;E-MAIL;;;;;;;;1;90;;;;;;;;;;;
91;91/2020 - SME;17/04/2020;GILLIARD;;MÉDIA;RESOLVIDO;PROBLEMA NA ILUMINAÇÃO DA GERENCIA DE COMPRAS E LICITAÇÕES;ELÉTRICA;SEDE PROGUARU;;RUA ARMINDA DE LIMA, 788;VILA PROGRESSO;2475-9000;0001-16-07;;;;;;;;;;1;91;;;;;;;;;;;
92;92/2020 - SME;17/04/2020;GILLIARD;;MÉDIA;RESOLVIDO;DESINSTALAÇÃO DE BETONEIRA;ELÉTRICA;FÁBRICA DE PRÉ-MOLDADOS;;RUA CARNAUBAIS, 200;SÃO JOÃO;2467 2932;0003-05;;;;;;;;;;1;92;;;;;;;;;;;
93;93/2020 - SME;17/04/2020;GILLIARD;;MÉDIA;RESOLVIDO;INSTALAÇÃO DE BETONEIRA;ELÉTRICA;C. O. CABUÇU;;RUA BENJAMIN HARRIS HUNNICUTT, 4.400;CABUÇU;2458 2454;0001-16-01;;;;;;;;;;1;93;;;;;;;;;;;
94;94/2020 - SME;17/04/2020;GILLIARD;;BAIXA;CANCELADA;INSTALAÇÃO DE SERRA CIRCULAR DE BANCADA;ELÉTRICA;C. O. CABUÇU;CANCELADA PELO SOLICITANTE;RUA BENJAMIN HARRIS HUNNICUTT, 4.400;CABUÇU;2458 2454;0001-16-01;;;;;;;;;;1;94;;;;;;;;;;;
95;95/2020 - SME;22/04/2020;GILLIARD;;ALTA;RESOLVIDO;PROBLEMA NO ALIMENTADOR DO QDLF DA COZINHA;ELÉTRICA;ALMOXARIFADO PIO XII;;AV. PAPA PIO XII, 975;MACEDO;2087-0286;0001-16-08;;;;;;;;;;1;95;;;;;;;;;;;
96;96/2020 - SME;22/04/2020;RICARDO;;MÉDIA;AGUARDANDO VISTORIA;MANUTENÇÃO NA ESCADA DE ALUMÍNIO DO TIPO GIRAFA (MANUTENÇÃO ELÉTRICA);SERRALHERIA;SERRALHERIA IPANEMA;;RUA CAMPO GRANDE, 188;JD. IPANEMA;0;0;;;;;;;;;;1;96;;;;;;;;;;;
97;97/2020 - SME;28/04/2020;GILLIARD;;MÉDIA;RESOLVIDO;PROBLEMA NA ILUMINAÇÃO DO REFEITÓRIO;ELÉTRICA;SEDE PROGUARU;;RUA ARMINDA DE LIMA, 788;VILA PROGRESSO;2475-9000;0001-16-07;IEDA;E-MAIL;;;;;;;;1;97;;;;;;;;;;;
98;98/2020 - SME;28/04/2020;GILLIARD;;MÉDIA;RESOLVIDO;PROBLEMA DE ILUMINAÇÃO NO PROTOCOLO;ELÉTRICA;SEDE PROGUARU;;RUA ARMINDA DE LIMA, 788;VILA PROGRESSO;2475-9000;0001-16-07;JOSÉ CARDOSO;E-MAIL;;;;;;;;1;98;;;;;;;;;;;
99;99/2020 - SME;28/04/2020;GILLIARD;;ALTA;EM ATENDIMENTO;PROBLEMA NA ILUMINAÇÃO EXTERNA;ELÉTRICA;SEDE PROGUARU;materiais solicitados em 28/04/2020 para Isabelle;RUA ARMINDA DE LIMA, 788;VILA PROGRESSO;2475-9000;0001-16-07;DENIS;;;;;;;;;1;99;;;;;;;;;;;
100;100/2020 - SME;07/05/2020;GILLIARD;;MÉDIA;RESOLVIDO;PROBLEMA NA TOMADA DO RELÓGIO DE PONTO;ELÉTRICA;C. O. CABUÇU;;RUA BENJAMIN HARRIS HUNNICUTT, 4.400;CABUÇU;2458 2454;0001-16-01;NICHOLAS;E-MAIL;;;;;;;;1;100;;;;;;;;;;;
101;101/2020 - SME;07/05/2020;GILLIARD;;MÉDIA;RESOLVIDO;PROBLEMA NO INTERRUPTOR DO VESTIÁRIO MASCULINO;ELÉTRICA;ALMOXARIFADO PIO XII;;AV. PAPA PIO XII, 975;MACEDO;2087-0286;0001-16-08;IZAIAS;WHATSAPP;;;;;;;;1;101;;;;;;;;;;;
102;102/2020 - SME;07/05/2020;GILLIARD;;ALTA;RESOLVIDO;CORDOALHA ROMPIDA PELA MÁQUINA RETROESCAVADEIRA;ELÉTRICA;C. O. CABUÇU;;RUA BENJAMIN HARRIS HUNNICUTT, 4.400;CABUÇU;2458 2454;0001-16-01;WANDERLEY;PRESENCIAL;;;;;;;;1;102;;;;;;;;;;;
103;103/2020 - SME;08/05/2020;GILLIARD;;MÉDIA;VISTORIADO;PROBLEMA DE RUÍDO NA CANCELA AUTOMÁTICA;ELÉTRICA;SEDE PROGUARU;;RUA ARMINDA DE LIMA, 788;VILA PROGRESSO;2475-9000;0001-16-07;GILBERTO SENA;PRESENCIAL;;;;;;;;1;103;;;;;;;;;;;
104;104/2020 - SME;08/05/2020;GILLIARD;;MÉDIA;AGUARDANDO MATERIAIS;PROBLEMA NO MOTOR PIVOTANTE DA PORTARIA 1 DA SEDE DA PROGUARU;ELÉTRICA;SEDE PROGUARU;;RUA ARMINDA DE LIMA, 788;VILA PROGRESSO;2475-9000;0001-16-07;GILBERTO SENA;PRESENCIAL;;;;;;;;1;104;;;;;;;;;;;
105;105/2020 - SME;08/05/2020;GILLIARD;;MÉDIA;AGUARDANDO MATERIAIS;PROBLEMA NO PORTEIRO ELETRÔNICO DA PORTARIA 1 DA SEDE DA PROGUARU;ELÉTRICA;SEDE PROGUARU;Ricardo Etelvino ficou responsável de solicitar o serviço completo;RUA ARMINDA DE LIMA, 788;VILA PROGRESSO;2475-9000;0001-16-07;GILBERTO SENA;PRESENCIAL;;;;;;;;1;105;;;;;;;;;;;
106;106/2020 - SME;08/05/2020;GILLIARD;;MÉDIA;VISTORIADO;READEQUAÇÃO DAS INSTALAÇÕES ELÉTRICAS DA GUARITA;ELÉTRICA;SEDE PROGUARU;;RUA ARMINDA DE LIMA, 788;VILA PROGRESSO;2475-9000;0001-16-07;GILBERTO SENA;PRESENCIAL;;;;;;;;1;106;;;;;;;;;;;
107;107/2020 - SME;08/05/2020;GILLIARD;;MÉDIA;AGUARDANDO MATERIAIS;READEQUAÇÃO DOS VENTILADORES DO SETOR DE EDIFICAÇÕES;ELÉTRICA;SEDE PROGUARU;material solicitado em 08/05/2020 para isabelle;RUA ARMINDA DE LIMA, 788;VILA PROGRESSO;2475-9000;0001-16-07;GILBERTO SENA;PRESENCIAL;;;;;;;;1;107;;;;;;;;;;;
108;108/2020 - SME;13/05/2020;GILLIARD;;BAIXA;RESOLVIDO;PROBLEMA NO CHUVEIRO DO VESTIÁRIO FEMININO;ELÉTRICA;C. O. TABOÃO;;RUA PEDRO DE TOLEDO, 500 ;TABOÃO; 2404 4331;0001-16-01;ANTONIA;E-MAIL;;;;;;;;1;108;;;;;;;;;;;
109;109/2020 - SME;27/05/2020;IZAIAS;;BAIXA;RESOLVIDO;TROCA DE LAMPADAS NA SALA 6 e SALA 5 DUVIDAS PROCURAR O XANDÃO;ELÉTRICA;SEÇÃO DE TRANSP. PESADO;;RUA PEDRO DE TOLEDO, 360;TABOÃO;2402-8710;0001-16-01;CHANDÃO;WHATSAPP;;;;;;;;1;109;;;;;;;;;;;
110;110/2020 - SME;27/04/2020;;;ALTA;AGUARDANDO VISTORIA;MANUTENÇÃO DA CAIXA DE ÁGUA PARA AVERIGUAÇÃO DA BOIA, POIS ESTA VAZANDO MUITA ÁGUA;HIDRAULICA;C. O. TABOÃO;;RUA PEDRO DE TOLEDO, 500 ;TABOÃO; 2404 4331;0001-16-01;ANTONIA;E-MAIL;;;;;;;;1;110;;;;;;;;;;;
111;111/2020 - SME;12/05/2020;IZAIAS;;MÉDIA;RESOLVIDO;SOLICITAMOS SUPORTE PARA INSTALAÇÃO DA REFRESQUEIRA NO CENTRO OPERACIONAL BONSUCESSO;ELÉTRICA;C. O. BONSUCESSO;;RUA ANTÔNIO TAVA, 200 ;BONSUCESSO; 2438 2667;0001-16-01;RICARDO ROGER;E-MAIL;;;;;;;;1;111;;;;;;;;;;;
112;112/2020 - SME;18/05/2020;GENIVAL;;MÉDIA;AGUARDANDO MATERIAIS;SOLICITAMOS A TROCA DA TORNEIRA DE JARDIM E DO REGISTRO DE GAVETA BRUTO DO TANQUE DE LIMPEZA DAS MÃOS DOS MECÂNICOS QUE FICA NO PATIO DA UNIDADE PEDRO DE TOLEDO, O MESMO ESTA VAZANDO;HIDRAULICA;SEÇÃO DE TRANSP. PESADO;;RUA PEDRO DE TOLEDO, 360;TABOÃO;2402-8710;0001-16-01;CRISTIANO DE OLIVEIRA;E-MAIL;;;;;;;;1;112;;;;;;;;;;;
113;113/2020 - SME;21/05/2020;IZAIAS;;BAIXA;AGUARDANDO MATERIAIS;SOLICITAMOS ENCARECIDAMENTE PROFISSIONAIS HABILITADOS PARA A INSTALAÇÃO DE TOMADA 220V PARA O NOVO BEBEDOURO DESTINADO A ESTE CENTRO OPERACIONAL E PARA REVISÃO DE TODA A ILUMINAÇÃO DO PÁTIO.;ELÉTRICA;C. O. BONSUCESSO;Falta fazer lista de materiais da iluminação externa (Coordenadora Miriam cobrou dia 14/07/2020), bebedouro resolvido;RUA ANTÔNIO TAVA, 200 ;BONSUCESSO; 2438 2667;0001-16-01;ANTHONY;E-MAIL;;;;;;;;1;113;;;;;;;;;;;
114;114/2020 - SME;26/05/2020;IZAIAS;15/06/2020;MÉDIA;AGUARDANDO MATERIAIS;SOLICITAMOS UMA EQUIPE DE ELÉTRICA PARA INSTALAÇÃO ELÉTRICA EM DUAS NOVAS SALAS NA REGIONAL CABUÇU E INSTALAÇÃO DE UMA CAMPAINHA NA PORTARIA DA REGIONAL;ELÉTRICA;C. O. CABUÇU;materiais solicitados em 16/06/2020;RUA BENJAMIN HARRIS HUNNICUTT, 4.400;CABUÇU;2458 2454;0001-16-01;NICHOLAS;E-MAIL;;;;;;;;1;114;;;;;;;;;;;
115;115/2020 - SME;27/05/2020;GENIVAL;27/05/2020;ALTA;RESOLVIDO;SOLICITAMOS POR GENTILEZA, O CONCERTO DE UM VAZAMENTO DE ÁGUA POTÁVEL EM UM CANO PRÓXIMO A RECEPÇÃO, NO MOMENTO O REGISTRO ESTA FECHADO E ESTÁ CAUSANDO ALGUNS TRANSTORNOS AOS COLABORADORES DA LIMPEZA E PARA USO DOS SANITÁRIOS;HIDRAULICA;SEDE PROGUARU;;RUA ARMINDA DE LIMA, 788;VILA PROGRESSO;2475-9000;0001-16-07;DENIS ROBERTO;E-MAIL;28/05/2020;1;28/05/2020;28/05/2020;100%;;;1;115;;;;;;;;;;;
116;116/2020 - SME;28/04/2020;;;ALTA;VISTORIADO;SOLICITAMOS COM URGÊNCIA, O REPARO E POSSÍVEL ELEVAÇÃO DOS MUROS DO PORTÃO 03 SAÍDA DE VEÍCULOS, TIVEMOS UMA  OCORRÊNCIA NA MADRUGADO DO DIA 27/04/2020, ONDE HOUVE UMA INVASÃO DE UM MELIANTE TENTANDO FUGIR DA POLÍCIA;CIVIL;SEDE PROGUARU;;RUA ARMINDA DE LIMA, 788;VILA PROGRESSO;2475-9000;0001-16-07;DENIS ROBERTO;E-MAIL;;;;;;;;1;116;;;;;;;;;;;
117;117/2020 - SME;04/05/2020;GENIVAL;;MÉDIA;RESOLVIDO;SOLICITAMOS POR GENTILEZA, A MANUTENÇÃO NA PIA E NO MICTÓRIO DO BANHEIRO PRÓXIMO AO R.H.;HIDRAULICA;SEDE PROGUARU;EFETUADO A TROCA DO SIFÃO E VALVULA DO MICTORIO;RUA ARMINDA DE LIMA, 788;VILA PROGRESSO;2475-9000;0001-16-07;DENIS ROBERTO;E-MAIL;28/05/2020;1;28/05/2020;28/05/2020;100%;;;1;117;;;;;;;;;;;
118;118/2020 - SME;27/05/2020;GENIVAL;;BAIXA;RESOLVIDO;MANUTENÇÃO NA MOLA DA PORTA DO SEREVIÇO MEDICO;OUTROS;SEDE PROGUARU;;RUA ARMINDA DE LIMA, 788;VILA PROGRESSO;2475-9000;0001-16-07;MARCOS TERITO;PRESENCIAL;28/05/2020;1;28/05/2020;;100%;;;1;118;;;;;;;;;;;
119;119/2020 - SME;02/06/2020;GENIVAL;;MÉDIA;AGUARDANDO MATERIAIS;READEQUAÇÃO DA PARTE ELETRICA TRANSPORTE LEVE;ELÉTRICA;SEDE PROGUARU;;RUA ARMINDA DE LIMA, 788;VILA PROGRESSO;2475-9000;0001-16-07;VERA;PRESENCIAL;;;;;;;;1;119;;;;;;;;;;;
120;120/2020 - SME;03/06/2020;GENIVAL;;ALTA;AGUARDANDO VISTORIA;SOLICITAMOS COM URGÊNCIA O DESENTUPIMENTO DO BANHEIRO DO VESTIÁRIO 2 MASCULINO, QUANDO ACIONADO A DESCARGA ACONTECE UM TRANSBORDAMENTO E AFETA AS OUTRAS CABINES O QUEM TEM CAUSADO MUITOS TRANSTORNOS E MUITAS VEZES IMPOSSIBILITANDO O USO E A HIFENIZAÇÃO CORRETA DO LOCAL, E NESTE MOMENTO DE PANDEMIA PODE OCORRER OUTROS TRANSTORNOS.  ;HIDRAULICA;SEDE PROGUARU;;RUA ARMINDA DE LIMA, 788;VILA PROGRESSO;2475-9000;0001-16-07;DENIS ROBERTO;E-MAIL;;;;;;;;1;120;;;;;;;;;;;
121;121/2020 - SME;22/06/2020;GILLIARD;;BAIXA;RESOLVIDO;PONTO TOMADA 220V PARA CAFETEIRA - ANTIGA SALA DA ROSANGELA;ELÉTRICA;SEDE PROGUARU;Resolvido pelo eletricista sérgio;RUA ARMINDA DE LIMA, 788;VILA PROGRESSO;2475-9000;0001-16-07;CRIS CAVALCANTI;E-MAIL;;;;;;;;1;121;;;;;;;;;;;
122;122/2020 - SME;22/06/2020;GILLIARD;;MÉDIA;AGUARDANDO VISTORIA;PROBLEMA NA ILUMINAÇÃO EXTERNA;ELÉTRICA;C. O. AEROPORTO;;AV. PAPA JOÃO PAULO, 2000;CUMBICA; 2484-7772;0001-16-01;DENIS;E-MAIL;;;;;;;;1;122;;;;;;;;;;;
123;123/2020 - SME;22/06/2020;ENG. ANTONIO;;BAIXA;AGUARDANDO VISTORIA;AUMENTO REPENTINO NO CONSUMO DE ENERGIA ELÉTRICA;ELÉTRICA;C. O. CABUÇU;;RUA BENJAMIN HARRIS HUNNICUTT, 4.400;CABUÇU;2458 2454;0001-16-01;DENILSON SANTOS;E-MAIL;;;;;;;;1;123;;;;;;;;;;;
124;124/2020 - SME;22/06/2020;GILLIARD;;BAIXA;AGUARDANDO VISTORIA;PROBLEMA DE ILUMINAÇÃO NA SALA 110 - TOPOGRAFIA ;ELÉTRICA;SEDE PROGUARU;;RUA ARMINDA DE LIMA, 788;VILA PROGRESSO;2475-9000;0001-16-07;DESCONHECIDO;E-MAIL;;;;;;;;1;124;;;;;;;;;;;
125;125/2020 - SME;22/06/2020;GILLIARD;;BAIXA;AGUARDANDO VISTORIA;PROBLEMA NA ILUMINAÇÃO EXTERNA;ELÉTRICA;C. O. PIMENTAS;;RUA ARACY, 188;JARDIM LEBLON;2486 2728;0001-16-01;DENIS;E-MAIL;;;;;;;;1;125;;;;;;;;;;;
126;126/2020 - SME;22/06/2020;GILLIARD;;ALTA;RESOLVIDO;PROBLEMA ELÉTRICO USINA;ELÉTRICA;USINA RECICLADORA;;RUA BENJAMIN HARRIS HUNNICUTT, 4.400;CABUÇU;2458 2454;0001-16-01;GABRIEL;WHATSAPP;;;;;;;;1;126;;;;;;;;;;;
127;127/2020 - SME;30/06/2020;GILLIARD;;BAIXA;AGUARDANDO VISTORIA;PROBLEMA DE ILUMINAÇÃO INTERNA;ELÉTRICA;CENTRO DE APOIO REGIÃO CENTRAL;;RUA JACOB BITTENCOURT, 100;JD. SÃO ROBERTO;0;0001-16-17;JOSÉ ROBERTO;E-MAIL;;;;;;;;1;127;;;;;;;;;;;
128;128/2020 - SME;16/06/2020;;;BAIXA;AGUARDANDO VISTORIA;SOLICITAMOS A MANUTENÇÃO DE UM VAZAMENTO NO VESTIÁRIO FEMININO DO CENTRO OPERACIONAL CUMBICA;HIDRAULICA;C. O. CUMBICA;;RUA ATALAIA DO NORTE, 150; CUMBICA;2412 2748;0001-16-01;BRUNO;E-MAIL;;;;;;;;1;128;;;;;;;;;;;
129;129/2020 - SME;17/06/2020;;;BAIXA;AGUARDANDO VISTORIA;SOLICITAMOS SERVIÇOS DE REPARO PARA A VÁLVULA DO MICTÓRIO NA MECÂNICA;HIDRAULICA;SEÇÃO DE TRANSP. PESADO;;RUA PEDRO DE TOLEDO, 360;TABOÃO;2402-8710;0001-16-01;GABRIEL;E-MAIL;;;;;;;;1;129;;;;;;;;;;;
130;130/2020 - SME;30/06/2020;;;BAIXA;AGUARDANDO VISTORIA;SOLICITAMOS A LIGAÇÃO DE MAIS UM PONTO DE ÁGUA DE RUA NO PATIO DA UNIDADE PEDRO DE TOLEDO AO LADO DA BORRACHARIA, PARA QUE OS MOTORISTAS POSSAM JOGAR UMA ÁGUA NOS VEÍCULOS PRINCIPALMENTE NOS DIAS DE CERRAÇÃO QUANDO OS VIDROS FICAM TODOS BRANCO;HIDRAULICA;SEÇÃO DE TRANSP. PESADO;;RUA PEDRO DE TOLEDO, 360;TABOÃO;2402-8710;0001-16-01;CRISTIANO DE OLIVEIRA;E-MAIL;;;;;;;;1;130;;;;;;;;;;;
131;131/2020 - SME;03/07/2020;;;BAIXA;RESOLVIDO;PROBLEMA NO PONTO DE TOMADA DA REFRESQUEIRA;ELÉTRICA;C. O. AEROPORTO;;AV. PAPA JOÃO PAULO, 2000;CUMBICA; 2484-7772;0001-16-01;IZAIAS;PRESENCIAL;;;;;;;;1;131;;;;;;;;;;;
132;132/2020 - SME;03/07/2020;;;MÉDIA;VISTORIADO;PROBLEMA NA TOMADA DO PORTÃO SOCIAL;ELÉTRICA;ALMOXARIFADO IPANEMA;PROGRAMADO PARA O ELETRICISTA DONIZETE RESOLVER;RUA CAMPO GRANDE, 188;JD. IPANEMA;2088-2797 ;0001-16-01;MARCOS TERRITO;PRESENCIAL;;;;;;;;1;132;;;;;;;;;;;
133;133/2020 - SME;03/07/2020;;;ALTA;AGUARDANDO VISTORIA;PROBLEMA ILUMINAÇÃO EXTERNA EM FRENTE DA GUARITA;ELÉTRICA;SEDE PROGUARU;;RUA ARMINDA DE LIMA, 788;VILA PROGRESSO;2475-9000;0001-16-07;DENIS;E-MAIL;;;;;;;;1;133;;;;;;;;;;;
134;134/2020 - SME;03/07/2020;;;BAIXA;AGUARDANDO VISTORIA;PROBLEMA NO PONTO DE TOMADA DA REFRESQUEIRA;ELÉTRICA;C. O. CUMBICA;;RUA ATALAIA DO NORTE, 150; CUMBICA;2412 2748;0001-16-01;ALAN;E-MAIL;;;;;;;;1;134;;;;;;;;;;;
135;135/2020 - SME;03/07/2020;;;ALTA;VISTORIADO;PROBLEMA NO ACIONAMENTO DO PORTÃO SOCIAL;ELÉTRICA;ALMOXARIFADO IPANEMA;"solcitação de serviço dia 06/07/2020
obs: kit porteiro eletronico com MONITOR modelo HDL";RUA CAMPO GRANDE, 188;JD. IPANEMA;2088-2797 ;0001-16-01;FERNANDO;E-MAIL;;;;;;;;1;135;;;;;;;;;;;
136;136/2020 - SME;07/07/2020;GILLIARD;;BAIXA;RESOLVIDO;PROBLEMA NA USINA RECICLADORA;ELÉTRICA;USINA RECICLADORA;Aguardando autorização da supervisão;RUA BENJAMIN HARRIS HUNNICUTT, 4.400;CABUÇU;2458 2454;0001-16-01;;;;;;;;;;1;136;;;;;;;;;;;
137;137/2020 - SME;07/07/2020;GILLIARD;;BAIXA;RESOLVIDO;PROBLEMA PONTO DE ENERGIA AR CONDICIONADO SALA DO GERENTE DE ASSUNTOS LEGISLATIVOS;ELÉTRICA;SEDE PROGUARU;;RUA ARMINDA DE LIMA, 788;VILA PROGRESSO;2475-9000;0001-16-07;VITOR AMODIO;PRESENCIAL;;;;;;;;1;137;;;;;;;;;;;
138;138/2020 - SME;08/07/2020;GILLIARD;;BAIXA;RESOLVIDO;PROBLEMA NO INTERRUPTOR DA SALA 5;ELÉTRICA;SEÇÃO DE TRANSP. PESADO;Resolvido pelo eletricista moacir em 15/07/2020;RUA PEDRO DE TOLEDO, 360;TABOÃO;2402-8710;0001-16-01;CRISTIANO DE OLIVEIRA;E-MAIL;;;;;;;;1;138;;;;;;;;;;;
139;139/2020 - SME;08/07/2020;GILLIARD;;BAIXA;AGUARDANDO VISTORIA;PROBLEMA ILUMINAÇÃO EXTERNA;ELÉTRICA;SEÇÃO DE TRANSP. PESADO;;RUA PEDRO DE TOLEDO, 360;TABOÃO;2402-8710;0001-16-01;JULIO;E-MAIL;;;;;;;;1;139;;;;;;;;;;;
140;140/2020 - SME;08/07/2020;;;BAIXA;AGUARDANDO VISTORIA;MANUTENÇÃO DE MAÇANETA DA PORTA DE SAÍDA DA RECEPÇÃO 2;CIVIL;SEDE PROGUARU;;RUA ARMINDA DE LIMA, 788;VILA PROGRESSO;2475-9000;0001-16-07;;E-MAIL;;;;;;;;1;140;;;;;;;;;;;
141;141/2020 - SME;10/07/2020;;;MÉDIA;AGUARDANDO VISTORIA;LIMPEZA DA CAIXA D'ÁGUA LOCALIZADA NA GUARITA DOS VIGIAS;HIDRAULICA;C. O. BONSUCESSO;;RUA ANTÔNIO TAVA, 200 ;BONSUCESSO; 2438 2667;0001-16-01;;E-MAIL;;;;;;;;1;141;;;;;;;;;;;
142;142/2020 - SME;10/07/2020;;;ALTA;AGUARDANDO VISTORIA;MANUTENÇÃO NO PORTÃO;CIVIL;C. O. BONSUCESSO;;RUA ANTÔNIO TAVA, 200 ;BONSUCESSO; 2438 2667;0001-16-01;;E-MAIL;;;;;;;;1;142;;;;;;;;;;;
143;143/2020 - SME;13/07/2020;GILLIARD;;BAIXA;VISTORIADO;PROBLEMA NO DISJUNTOR DA ILUMINAÇÃO EXTERNA;ELÉTRICA;ALMOXARIFADO IPANEMA;;RUA CAMPO GRANDE, 188;JD. IPANEMA;2088-2797 ;0001-16-01;HÉLIO;PRESENCIAL;;;;;;;;1;143;;;;;;;;;;;
144;144/2020 - SME;13/07/2020;GILLIARD;;MÉDIA;RESOLVIDO;PROBLEMA NA ILUMINAÇÃO DO WC FEMININO ANDAR EDIFICAÇÕES;ELÉTRICA;SEDE PROGUARU;Resolvido pelo eletricista sérgio;RUA ARMINDA DE LIMA, 788;VILA PROGRESSO;2475-9000;0001-16-07;CAMILA;WHATSAPP;;;;;;;;1;144;;;;;;;;;;;
145;145/2020 - SME;14/07/2020;GILLIARD;;ALTA;RESOLVIDO;PROBLEMA DE QUEDA DE ENERGIA NO CENTRO OPERACIONAL;ELÉTRICA;C. O. CUMBICA;Problema no ramal da rua, serviço realizado pela edp bandeirantes;RUA ATALAIA DO NORTE, 150; CUMBICA;2412 2748;0001-16-01;;E-MAIL;;;;;;;;1;145;;;;;;;;;;;
146;146/2020 - SME;15/07/2020;GILLIARD;;BAIXA;AGUARDANDO VISTORIA;PROBLEMA NAS TOMADAS E LAMPADAS;ELÉTRICA;C. O. CUMBICA;;RUA ATALAIA DO NORTE, 150; CUMBICA;2412 2748;0001-16-01;;E-MAIL;;;;;;;;1;146;;;;;;;;;;;
147;147/2020 - SME;16/07/2020;;;MÉDIA;AGUARDANDO VISTORIA;manutenção das 2 torneiras do refeitório;HIDRAULICA;SEÇÃO DE TRANSP. PESADO;;RUA PEDRO DE TOLEDO, 360;TABOÃO;2402-8710;0001-16-01;;E-MAIL;;;;;;;;1;147;;;;;;;;;;;
148;148/2020 - SME;20/07/2020;GILLIARD;;BAIXA;RESOLVIDO;PROBLEMA NA ILUMINAÇÃO DO WC FEMININO ANDAR EDIFICAÇÕES;ELÉTRICA;SEDE PROGUARU;;RUA ARMINDA DE LIMA, 788;VILA PROGRESSO;2475-9000;0001-16-07;CAMILA;WHATSAPP;;;;;;;;1;148;;;;;;;;;;;
149;149/2020 - SME;22/07/2020;GILLIARD;;BAIXA;AGUARDANDO VISTORIA;INSTALAÇÃO ELÉTRICA DE MESA VIBRATÓRIA;ELÉTRICA;C. O. CABUÇU;;RUA BENJAMIN HARRIS HUNNICUTT, 4.400;CABUÇU;2458 2454;0001-16-01;VANDERLEY;E-MAIL;;;;;;;;1;149;;;;;;;;;;;
150;150/2020 - SME;23/07/2020;GILLIARD;;BAIXA;AGUARDANDO VISTORIA;PROBLEMA NA CANCELA;ELÉTRICA;C. O. TABOÃO;;RUA PEDRO DE TOLEDO, 500 ;TABOÃO; 2404 4331;0001-16-01;DENIS;E-MAIL;;;;;;;;1;150;;;;;;;;;;;
151;151/2020 - SME;23/07/2020;GILLIARD;;BAIXA;RESOLVIDO;SUBSTITUIÇÃO DO MOTOR RECONDICIONADO DO TRITURADOR DA USINA;ELÉTRICA;C. O. CABUÇU;Resolvido por Gheovani em 23/07/2020;RUA BENJAMIN HARRIS HUNNICUTT, 4.400;CABUÇU;2458 2454;0001-16-01;MARCOS TERRITO;WHATSAPP;;;;;;;;1;151;;;;;;;;;;;
152;152/2020 - SME;24/07/2020;GILLIARD;;ALTA;EM ATENDIMENTO;READEQUAÇÃO DA NOVA SALA DO SETOR MECÂNICA LOCALIZADO NO PIOXII;ELÉTRICA;ALMOXARIFADO PIO XII;Eletricista Gheovani começa em 24/07/20;AV. PAPA PIO XII, 975;MACEDO;2087-0286;0001-16-08;MARCOS TERRITO;PRESENCIAL;;;;;;;;1;152;;;;;;;;;;;
153;153/2020 - SME;28/07/2020;;;MÉDIA;AGUARDANDO VISTORIA;Manutenção nos banheiros masculino e feminino, colocar porta balcão no transporte leve, canaletas no transporte leve, substituição de alguns dispenser de álcool e sabonete ;DIVERSOS;SEDE PROGUARU;;RUA ARMINDA DE LIMA, 788;VILA PROGRESSO;2475-9000;0001-16-07;VERA;E-MAIL;;;;;;;;1;153;;;;;;;;;;;
154;154/2020 - SME;28/07/2020;GILLIARD;;ALTA;EM ATENDIMENTO;READEQUAÇÃO DAS INSTALAÇÕES ELÉTRICAS DA NOVA REGIONAL CO EMILIO RIBAS;ELÉTRICA;C. O. EMÍLIO RIBAS;;#N/D;#N/D;#N/D;#N/D;;;;;;;;;;1;154;;;;;;;;;;;
155;155/2020 - SME;28/07/2020;GILLIARD;;ALTA;EM ATENDIMENTO;MANOBRA DE DESLIGAMENTO E RELIGAMENTO DO MOTOR DO BRITADOR DA USINA;ELÉTRICA;USINA RECICLADORA;AGENDADO PARA 30/07/2020;RUA BENJAMIN HARRIS HUNNICUTT, 4.400;CABUÇU;2458 2454;0001-16-01;;;;;;;;;;1;155;;;;;;;;;;;
156;156/2020 - SME;31/07/2020;;;MÉDIA;AGUARDANDO VISTORIA;manutenção nas lâmpadas dos vestiário feminino;ELÉTRICA;C. O. BONSUCESSO;;RUA ANTÔNIO TAVA, 200 ;BONSUCESSO; 2438 2667;0001-16-01;;;;;;;;;;1;156;;;;;;;;;;;
157;157/2020 - SME;03/08/2020;;;MÉDIA;AGUARDANDO VISTORIA;conserto do encanamento de água;HIDRAULICA;EPG IZOLINA ALVES DAVID;;#N/D;#N/D;#N/D;#N/D;;;;;;;;;;1;157;;;;;;;;;;;
158;;;;;;;;;;;;;;;;;;;;;;;;;;;;;;;;;;;;
159;;;;;;;;;;;;;;;;;;;;;;;;;;;;;;;;;;;;
160;;;;;;;;;;;;;;;;;;;;;;;;;;;;;;;;;;;;
161;;;;;;;;;;;;;;;;;;;;;;;;;;;;;;;;;;;;
162;;;;;;;;;;;;;;;;;;;;;;;;;;;;;;;;;;;;
163;;;;;;;;;;;;;;;;;;;;;;;;;;;;;;;;;;;;
164;;;;;;;;;;;;;;;;;;;;;;;;;;;;;;;;;;;;
165;;;;;;;;;;;;;;;;;;;;;;;;;;;;;;;;;;;;
166;;;;;;;;;;;;;;;;;;;;;;;;;;;;;;;;;;;;
167;;;;;;;;;;;;;;;;;;;;;;;;;;;;;;;;;;;;
168;;;;;;;;;;;;;;;;;;;;;;;;;;;;;;;;;;;;
169;;;;;;;;;;;;;;;;;;;;;;;;;;;;;;;;;;;;
170;;;;;;;;;;;;;;;;;;;;;;;;;;;;;;;;;;;;
171;;;;;;;;;;;;;;;;;;;;;;;;;;;;;;;;;;;;
172;;;;;;;;;;;;;;;;;;;;;;;;;;;;;;;;;;;;
173;;;;;;;;;;;;;;;;;;;;;;;;;;;;;;;;;;;;
174;;;;;;;;;;;;;;;;;;;;;;;;;;;;;;;;;;;;
175;;;;;;;;;;;;;;;;;;;;;;;;;;;;;;;;;;;;
176;;;;;;;;;;;;;;;;;;;;;;;;;;;;;;;;;;;;
177;;;;;;;;;;;;;;;;;;;;;;;;;;;;;;;;;;;;
178;;;;;;;;;;;;;;;;;;;;;;;;;;;;;;;;;;;;
179;;;;;;;;;;;;;;;;;;;;;;;;;;;;;;;;;;;;
180;;;;;;;;;;;;;;;;;;;;;;;;;;;;;;;;;;;;
181;;;;;;;;;;;;;;;;;;;;;;;;;;;;;;;;;;;;
182;;;;;;;;;;;;;;;;;;;;;;;;;;;;;;;;;;;;
183;;;;;;;;;;;;;;;;;;;;;;;;;;;;;;;;;;;;
184;;;;;;;;;;;;;;;;;;;;;;;;;;;;;;;;;;;;
185;;;;;;;;;;;;;;;;;;;;;;;;;;;;;;;;;;;;
186;;;;;;;;;;;;;;;;;;;;;;;;;;;;;;;;;;;;
187;;;;;;;;;;;;;;;;;;;;;;;;;;;;;;;;;;;;
188;;;;;;;;;;;;;;;;;;;;;;;;;;;;;;;;;;;;
189;;;;;;;;;;;;;;;;;;;;;;;;;;;;;;;;;;;;
190;;;;;;;;;;;;;;;;;;;;;;;;;;;;;;;;;;;;
191;;;;;;;;;;;;;;;;;;;;;;;;;;;;;;;;;;;;
192;;;;;;;;;;;;;;;;;;;;;;;;;;;;;;;;;;;;
193;;;;;;;;;;;;;;;;;;;;;;;;;;;;;;;;;;;;
194;;;;;;;;;;;;;;;;;;;;;;;;;;;;;;;;;;;;
195;;;;;;;;;;;;;;;;;;;;;;;;;;;;;;;;;;;;
196;;;;;;;;;;;;;;;;;;;;;;;;;;;;;;;;;;;;
197;;;;;;;;;;;;;;;;;;;;;;;;;;;;;;;;;;;;
198;;;;;;;;;;;;;;;;;;;;;;;;;;;;;;;;;;;;
199;;;;;;;;;;;;;;;;;;;;;;;;;;;;;;;;;;;;
200;;;;;;;;;;;;;;;;;;;;;;;;;;;;;;;;;;;;
201;;;;;;;;;;;;;;;;;;;;;;;;;;;;;;;;;;;;
202;;;;;;;;;;;;;;;;;;;;;;;;;;;;;;;;;;;;
203;;;;;;;;;;;;;;;;;;;;;;;;;;;;;;;;;;;;
204;;;;;;;;;;;;;;;;;;;;;;;;;;;;;;;;;;;;
205;;;;;;;;;;;;;;;;;;;;;;;;;;;;;;;;;;;;
206;;;;;;;;;;;;;;;;;;;;;;;;;;;;;;;;;;;;
207;;;;;;;;;;;;;;;;;;;;;;;;;;;;;;;;;;;;
208;;;;;;;;;;;;;;;;;;;;;;;;;;;;;;;;;;;;
209;;;;;;;;;;;;;;;;;;;;;;;;;;;;;;;;;;;;
210;;;;;;;;;;;;;;;;;;;;;;;;;;;;;;;;;;;;
211;;;;;;;;;;;;;;;;;;;;;;;;;;;;;;;;;;;;
212;;;;;;;;;;;;;;;;;;;;;;;;;;;;;;;;;;;;
213;;;;;;;;;;;;;;;;;;;;;;;;;;;;;;;;;;;;
214;;;;;;;;;;;;;;;;;;;;;;;;;;;;;;;;;;;;
215;;;;;;;;;;;;;;;;;;;;;;;;;;;;;;;;;;;;
216;;;;;;;;;;;;;;;;;;;;;;;;;;;;;;;;;;;;
217;;;;;;;;;;;;;;;;;;;;;;;;;;;;;;;;;;;;
218;;;;;;;;;;;;;;;;;;;;;;;;;;;;;;;;;;;;
219;;;;;;;;;;;;;;;;;;;;;;;;;;;;;;;;;;;;
220;;;;;;;;;;;;;;;;;;;;;;;;;;;;;;;;;;;;
221;;;;;;;;;;;;;;;;;;;;;;;;;;;;;;;;;;;;
222;;;;;;;;;;;;;;;;;;;;;;;;;;;;;;;;;;;;
223;;;;;;;;;;;;;;;;;;;;;;;;;;;;;;;;;;;;
224;;;;;;;;;;;;;;;;;;;;;;;;;;;;;;;;;;;;
225;;;;;;;;;;;;;;;;;;;;;;;;;;;;;;;;;;;;
226;;;;;;;;;;;;;;;;;;;;;;;;;;;;;;;;;;;;
227;;;;;;;;;;;;;;;;;;;;;;;;;;;;;;;;;;;;
228;;;;;;;;;;;;;;;;;;;;;;;;;;;;;;;;;;;;
229;;;;;;;;;;;;;;;;;;;;;;;;;;;;;;;;;;;;
230;;;;;;;;;;;;;;;;;;;;;;;;;;;;;;;;;;;;
231;;;;;;;;;;;;;;;;;;;;;;;;;;;;;;;;;;;;
232;;;;;;;;;;;;;;;;;;;;;;;;;;;;;;;;;;;;
233;;;;;;;;;;;;;;;;;;;;;;;;;;;;;;;;;;;;
234;;;;;;;;;;;;;;;;;;;;;;;;;;;;;;;;;;;;
235;;;;;;;;;;;;;;;;;;;;;;;;;;;;;;;;;;;;
236;;;;;;;;;;;;;;;;;;;;;;;;;;;;;;;;;;;;
237;;;;;;;;;;;;;;;;;;;;;;;;;;;;;;;;;;;;
238;;;;;;;;;;;;;;;;;;;;;;;;;;;;;;;;;;;;
239;;;;;;;;;;;;;;;;;;;;;;;;;;;;;;;;;;;;
240;;;;;;;;;;;;;;;;;;;;;;;;;;;;;;;;;;;;
241;;;;;;;;;;;;;;;;;;;;;;;;;;;;;;;;;;;;
242;;;;;;;;;;;;;;;;;;;;;;;;;;;;;;;;;;;;
243;;;;;;;;;;;;;;;;;;;;;;;;;;;;;;;;;;;;
244;;;;;;;;;;;;;;;;;;;;;;;;;;;;;;;;;;;;
245;;;;;;;;;;;;;;;;;;;;;;;;;;;;;;;;;;;;
246;;;;;;;;;;;;;;;;;;;;;;;;;;;;;;;;;;;;
247;;;;;;;;;;;;;;;;;;;;;;;;;;;;;;;;;;;;
248;;;;;;;;;;;;;;;;;;;;;;;;;;;;;;;;;;;;
249;;;;;;;;;;;;;;;;;;;;;;;;;;;;;;;;;;;;
250;;;;;;;;;;;;;;;;;;;;;;;;;;;;;;;;;;;;
251;;;;;;;;;;;;;;;;;;;;;;;;;;;;;;;;;;;;
252;;;;;;;;;;;;;;;;;;;;;;;;;;;;;;;;;;;;
253;;;;;;;;;;;;;;;;;;;;;;;;;;;;;;;;;;;;
254;;;;;;;;;;;;;;;;;;;;;;;;;;;;;;;;;;;;
255;;;;;;;;;;;;;;;;;;;;;;;;;;;;;;;;;;;;
256;;;;;;;;;;;;;;;;;;;;;;;;;;;;;;;;;;;;
257;;;;;;;;;;;;;;;;;;;;;;;;;;;;;;;;;;;;
258;;;;;;;;;;;;;;;;;;;;;;;;;;;;;;;;;;;;
259;;;;;;;;;;;;;;;;;;;;;;;;;;;;;;;;;;;;
260;;;;;;;;;;;;;;;;;;;;;;;;;;;;;;;;;;;;
261;;;;;;;;;;;;;;;;;;;;;;;;;;;;;;;;;;;;
262;;;;;;;;;;;;;;;;;;;;;;;;;;;;;;;;;;;;
263;;;;;;;;;;;;;;;;;;;;;;;;;;;;;;;;;;;;
264;;;;;;;;;;;;;;;;;;;;;;;;;;;;;;;;;;;;
265;;;;;;;;;;;;;;;;;;;;;;;;;;;;;;;;;;;;
266;;;;;;;;;;;;;;;;;;;;;;;;;;;;;;;;;;;;
267;;;;;;;;;;;;;;;;;;;;;;;;;;;;;;;;;;;;
268;;;;;;;;;;;;;;;;;;;;;;;;;;;;;;;;;;;;
269;;;;;;;;;;;;;;;;;;;;;;;;;;;;;;;;;;;;
270;;;;;;;;;;;;;;;;;;;;;;;;;;;;;;;;;;;;
271;;;;;;;;;;;;;;;;;;;;;;;;;;;;;;;;;;;;
272;;;;;;;;;;;;;;;;;;;;;;;;;;;;;;;;;;;;
273;;;;;;;;;;;;;;;;;;;;;;;;;;;;;;;;;;;;
274;;;;;;;;;;;;;;;;;;;;;;;;;;;;;;;;;;;;
275;;;;;;;;;;;;;;;;;;;;;;;;;;;;;;;;;;;;
276;;;;;;;;;;;;;;;;;;;;;;;;;;;;;;;;;;;;
277;;;;;;;;;;;;;;;;;;;;;;;;;;;;;;;;;;;;
278;;;;;;;;;;;;;;;;;;;;;;;;;;;;;;;;;;;;
279;;;;;;;;;;;;;;;;;;;;;;;;;;;;;;;;;;;;
280;;;;;;;;;;;;;;;;;;;;;;;;;;;;;;;;;;;;
281;;;;;;;;;;;;;;;;;;;;;;;;;;;;;;;;;;;;
282;;;;;;;;;;;;;;;;;;;;;;;;;;;;;;;;;;;;
283;;;;;;;;;;;;;;;;;;;;;;;;;;;;;;;;;;;;
284;;;;;;;;;;;;;;;;;;;;;;;;;;;;;;;;;;;;
285;;;;;;;;;;;;;;;;;;;;;;;;;;;;;;;;;;;;
286;;;;;;;;;;;;;;;;;;;;;;;;;;;;;;;;;;;;
287;;;;;;;;;;;;;;;;;;;;;;;;;;;;;;;;;;;;
288;;;;;;;;;;;;;;;;;;;;;;;;;;;;;;;;;;;;
289;;;;;;;;;;;;;;;;;;;;;;;;;;;;;;;;;;;;
290;;;;;;;;;;;;;;;;;;;;;;;;;;;;;;;;;;;;
291;;;;;;;;;;;;;;;;;;;;;;;;;;;;;;;;;;;;
292;;;;;;;;;;;;;;;;;;;;;;;;;;;;;;;;;;;;
293;;;;;;;;;;;;;;;;;;;;;;;;;;;;;;;;;;;;
294;;;;;;;;;;;;;;;;;;;;;;;;;;;;;;;;;;;;
295;;;;;;;;;;;;;;;;;;;;;;;;;;;;;;;;;;;;
296;;;;;;;;;;;;;;;;;;;;;;;;;;;;;;;;;;;;
297;;;;;;;;;;;;;;;;;;;;;;;;;;;;;;;;;;;;
298;;;;;;;;;;;;;;;;;;;;;;;;;;;;;;;;;;;;
299;;;;;;;;;;;;;;;;;;;;;;;;;;;;;;;;;;;;
300;;;;;;;;;;;;;;;;;;;;;;;;;;;;;;;;;;;;
301;;;;;;;;;;;;;;;;;;;;;;;;;;;;;;;;;;;;
302;;;;;;;;;;;;;;;;;;;;;;;;;;;;;;;;;;;;
303;;;;;;;;;;;;;;;;;;;;;;;;;;;;;;;;;;;;
304;;;;;;;;;;;;;;;;;;;;;;;;;;;;;;;;;;;;
305;;;;;;;;;;;;;;;;;;;;;;;;;;;;;;;;;;;;
306;;;;;;;;;;;;;;;;;;;;;;;;;;;;;;;;;;;;
307;;;;;;;;;;;;;;;;;;;;;;;;;;;;;;;;;;;;
308;;;;;;;;;;;;;;;;;;;;;;;;;;;;;;;;;;;;
309;;;;;;;;;;;;;;;;;;;;;;;;;;;;;;;;;;;;
310;;;;;;;;;;;;;;;;;;;;;;;;;;;;;;;;;;;;
311;;;;;;;;;;;;;;;;;;;;;;;;;;;;;;;;;;;;
312;;;;;;;;;;;;;;;;;;;;;;;;;;;;;;;;;;;;
313;;;;;;;;;;;;;;;;;;;;;;;;;;;;;;;;;;;;
314;;;;;;;;;;;;;;;;;;;;;;;;;;;;;;;;;;;;
315;;;;;;;;;;;;;;;;;;;;;;;;;;;;;;;;;;;;
316;;;;;;;;;;;;;;;;;;;;;;;;;;;;;;;;;;;;
317;;;;;;;;;;;;;;;;;;;;;;;;;;;;;;;;;;;;
318;;;;;;;;;;;;;;;;;;;;;;;;;;;;;;;;;;;;
319;;;;;;;;;;;;;;;;;;;;;;;;;;;;;;;;;;;;
320;;;;;;;;;;;;;;;;;;;;;;;;;;;;;;;;;;;;
321;;;;;;;;;;;;;;;;;;;;;;;;;;;;;;;;;;;;
322;;;;;;;;;;;;;;;;;;;;;;;;;;;;;;;;;;;;
323;;;;;;;;;;;;;;;;;;;;;;;;;;;;;;;;;;;;
324;;;;;;;;;;;;;;;;;;;;;;;;;;;;;;;;;;;;
325;;;;;;;;;;;;;;;;;;;;;;;;;;;;;;;;;;;;
326;;;;;;;;;;;;;;;;;;;;;;;;;;;;;;;;;;;;
327;;;;;;;;;;;;;;;;;;;;;;;;;;;;;;;;;;;;
328;;;;;;;;;;;;;;;;;;;;;;;;;;;;;;;;;;;;
329;;;;;;;;;;;;;;;;;;;;;;;;;;;;;;;;;;;;
330;;;;;;;;;;;;;;;;;;;;;;;;;;;;;;;;;;;;
331;;;;;;;;;;;;;;;;;;;;;;;;;;;;;;;;;;;;
332;;;;;;;;;;;;;;;;;;;;;;;;;;;;;;;;;;;;
333;;;;;;;;;;;;;;;;;;;;;;;;;;;;;;;;;;;;
334;;;;;;;;;;;;;;;;;;;;;;;;;;;;;;;;;;;;
335;;;;;;;;;;;;;;;;;;;;;;;;;;;;;;;;;;;;
336;;;;;;;;;;;;;;;;;;;;;;;;;;;;;;;;;;;;
337;;;;;;;;;;;;;;;;;;;;;;;;;;;;;;;;;;;;
338;;;;;;;;;;;;;;;;;;;;;;;;;;;;;;;;;;;;
339;;;;;;;;;;;;;;;;;;;;;;;;;;;;;;;;;;;;
340;;;;;;;;;;;;;;;;;;;;;;;;;;;;;;;;;;;;
341;;;;;;;;;;;;;;;;;;;;;;;;;;;;;;;;;;;;
342;;;;;;;;;;;;;;;;;;;;;;;;;;;;;;;;;;;;
343;;;;;;;;;;;;;;;;;;;;;;;;;;;;;;;;;;;;
344;;;;;;;;;;;;;;;;;;;;;;;;;;;;;;;;;;;;
345;;;;;;;;;;;;;;;;;;;;;;;;;;;;;;;;;;;;
346;;;;;;;;;;;;;;;;;;;;;;;;;;;;;;;;;;;;
347;;;;;;;;;;;;;;;;;;;;;;;;;;;;;;;;;;;;
348;;;;;;;;;;;;;;;;;;;;;;;;;;;;;;;;;;;;
349;;;;;;;;;;;;;;;;;;;;;;;;;;;;;;;;;;;;
350;;;;;;;;;;;;;;;;;;;;;;;;;;;;;;;;;;;;
351;;;;;;;;;;;;;;;;;;;;;;;;;;;;;;;;;;;;
352;;;;;;;;;;;;;;;;;;;;;;;;;;;;;;;;;;;;
353;;;;;;;;;;;;;;;;;;;;;;;;;;;;;;;;;;;;
354;;;;;;;;;;;;;;;;;;;;;;;;;;;;;;;;;;;;
355;;;;;;;;;;;;;;;;;;;;;;;;;;;;;;;;;;;;
356;;;;;;;;;;;;;;;;;;;;;;;;;;;;;;;;;;;;
357;;;;;;;;;;;;;;;;;;;;;;;;;;;;;;;;;;;;
358;;;;;;;;;;;;;;;;;;;;;;;;;;;;;;;;;;;;
359;;;;;;;;;;;;;;;;;;;;;;;;;;;;;;;;;;;;
360;;;;;;;;;;;;;;;;;;;;;;;;;;;;;;;;;;;;
361;;;;;;;;;;;;;;;;;;;;;;;;;;;;;;;;;;;;
362;;;;;;;;;;;;;;;;;;;;;;;;;;;;;;;;;;;;
363;;;;;;;;;;;;;;;;;;;;;;;;;;;;;;;;;;;;
364;;;;;;;;;;;;;;;;;;;;;;;;;;;;;;;;;;;;
365;;;;;;;;;;;;;;;;;;;;;;;;;;;;;;;;;;;;
366;;;;;;;;;;;;;;;;;;;;;;;;;;;;;;;;;;;;
367;;;;;;;;;;;;;;;;;;;;;;;;;;;;;;;;;;;;
368;;;;;;;;;;;;;;;;;;;;;;;;;;;;;;;;;;;;
369;;;;;;;;;;;;;;;;;;;;;;;;;;;;;;;;;;;;
370;;;;;;;;;;;;;;;;;;;;;;;;;;;;;;;;;;;;
371;;;;;;;;;;;;;;;;;;;;;;;;;;;;;;;;;;;;
372;;;;;;;;;;;;;;;;;;;;;;;;;;;;;;;;;;;;
373;;;;;;;;;;;;;;;;;;;;;;;;;;;;;;;;;;;;
374;;;;;;;;;;;;;;;;;;;;;;;;;;;;;;;;;;;;
375;;;;;;;;;;;;;;;;;;;;;;;;;;;;;;;;;;;;
376;;;;;;;;;;;;;;;;;;;;;;;;;;;;;;;;;;;;
377;;;;;;;;;;;;;;;;;;;;;;;;;;;;;;;;;;;;
378;;;;;;;;;;;;;;;;;;;;;;;;;;;;;;;;;;;;
379;;;;;;;;;;;;;;;;;;;;;;;;;;;;;;;;;;;;
380;;;;;;;;;;;;;;;;;;;;;;;;;;;;;;;;;;;;
381;;;;;;;;;;;;;;;;;;;;;;;;;;;;;;;;;;;;
382;;;;;;;;;;;;;;;;;;;;;;;;;;;;;;;;;;;;
383;;;;;;;;;;;;;;;;;;;;;;;;;;;;;;;;;;;;
384;;;;;;;;;;;;;;;;;;;;;;;;;;;;;;;;;;;;
385;;;;;;;;;;;;;;;;;;;;;;;;;;;;;;;;;;;;
386;;;;;;;;;;;;;;;;;;;;;;;;;;;;;;;;;;;;
387;;;;;;;;;;;;;;;;;;;;;;;;;;;;;;;;;;;;
388;;;;;;;;;;;;;;;;;;;;;;;;;;;;;;;;;;;;
389;;;;;;;;;;;;;;;;;;;;;;;;;;;;;;;;;;;;
390;;;;;;;;;;;;;;;;;;;;;;;;;;;;;;;;;;;;
391;;;;;;;;;;;;;;;;;;;;;;;;;;;;;;;;;;;;
392;;;;;;;;;;;;;;;;;;;;;;;;;;;;;;;;;;;;
393;;;;;;;;;;;;;;;;;;;;;;;;;;;;;;;;;;;;
394;;;;;;;;;;;;;;;;;;;;;;;;;;;;;;;;;;;;
395;;;;;;;;;;;;;;;;;;;;;;;;;;;;;;;;;;;;
396;;;;;;;;;;;;;;;;;;;;;;;;;;;;;;;;;;;;
397;;;;;;;;;;;;;;;;;;;;;;;;;;;;;;;;;;;;
398;;;;;;;;;;;;;;;;;;;;;;;;;;;;;;;;;;;;
399;;;;;;;;;;;;;;;;;;;;;;;;;;;;;;;;;;;;
400;;;;;;;;;;;;;;;;;;;;;;;;;;;;;;;;;;;;
401;;;;;;;;;;;;;;;;;;;;;;;;;;;;;;;;;;;;
402;;;;;;;;;;;;;;;;;;;;;;;;;;;;;;;;;;;;
403;;;;;;;;;;;;;;;;;;;;;;;;;;;;;;;;;;;;
404;;;;;;;;;;;;;;;;;;;;;;;;;;;;;;;;;;;;
405;;;;;;;;;;;;;;;;;;;;;;;;;;;;;;;;;;;;
406;;;;;;;;;;;;;;;;;;;;;;;;;;;;;;;;;;;;
407;;;;;;;;;;;;;;;;;;;;;;;;;;;;;;;;;;;;
408;;;;;;;;;;;;;;;;;;;;;;;;;;;;;;;;;;;;
409;;;;;;;;;;;;;;;;;;;;;;;;;;;;;;;;;;;;
410;;;;;;;;;;;;;;;;;;;;;;;;;;;;;;;;;;;;
411;;;;;;;;;;;;;;;;;;;;;;;;;;;;;;;;;;;;
412;;;;;;;;;;;;;;;;;;;;;;;;;;;;;;;;;;;;
413;;;;;;;;;;;;;;;;;;;;;;;;;;;;;;;;;;;;
414;;;;;;;;;;;;;;;;;;;;;;;;;;;;;;;;;;;;
415;;;;;;;;;;;;;;;;;;;;;;;;;;;;;;;;;;;;
416;;;;;;;;;;;;;;;;;;;;;;;;;;;;;;;;;;;;
417;;;;;;;;;;;;;;;;;;;;;;;;;;;;;;;;;;;;
418;;;;;;;;;;;;;;;;;;;;;;;;;;;;;;;;;;;;
419;;;;;;;;;;;;;;;;;;;;;;;;;;;;;;;;;;;;
420;;;;;;;;;;;;;;;;;;;;;;;;;;;;;;;;;;;;
421;;;;;;;;;;;;;;;;;;;;;;;;;;;;;;;;;;;;
422;;;;;;;;;;;;;;;;;;;;;;;;;;;;;;;;;;;;
423;;;;;;;;;;;;;;;;;;;;;;;;;;;;;;;;;;;;
424;;;;;;;;;;;;;;;;;;;;;;;;;;;;;;;;;;;;
425;;;;;;;;;;;;;;;;;;;;;;;;;;;;;;;;;;;;
426;;;;;;;;;;;;;;;;;;;;;;;;;;;;;;;;;;;;
427;;;;;;;;;;;;;;;;;;;;;;;;;;;;;;;;;;;;
428;;;;;;;;;;;;;;;;;;;;;;;;;;;;;;;;;;;;
429;;;;;;;;;;;;;;;;;;;;;;;;;;;;;;;;;;;;
430;;;;;;;;;;;;;;;;;;;;;;;;;;;;;;;;;;;;
431;;;;;;;;;;;;;;;;;;;;;;;;;;;;;;;;;;;;
432;;;;;;;;;;;;;;;;;;;;;;;;;;;;;;;;;;;;
433;;;;;;;;;;;;;;;;;;;;;;;;;;;;;;;;;;;;
434;;;;;;;;;;;;;;;;;;;;;;;;;;;;;;;;;;;;
435;;;;;;;;;;;;;;;;;;;;;;;;;;;;;;;;;;;;
436;;;;;;;;;;;;;;;;;;;;;;;;;;;;;;;;;;;;
437;;;;;;;;;;;;;;;;;;;;;;;;;;;;;;;;;;;;
438;;;;;;;;;;;;;;;;;;;;;;;;;;;;;;;;;;;;
439;;;;;;;;;;;;;;;;;;;;;;;;;;;;;;;;;;;;
440;;;;;;;;;;;;;;;;;;;;;;;;;;;;;;;;;;;;
441;;;;;;;;;;;;;;;;;;;;;;;;;;;;;;;;;;;;
442;;;;;;;;;;;;;;;;;;;;;;;;;;;;;;;;;;;;
443;;;;;;;;;;;;;;;;;;;;;;;;;;;;;;;;;;;;
444;;;;;;;;;;;;;;;;;;;;;;;;;;;;;;;;;;;;
445;;;;;;;;;;;;;;;;;;;;;;;;;;;;;;;;;;;;
446;;;;;;;;;;;;;;;;;;;;;;;;;;;;;;;;;;;;
447;;;;;;;;;;;;;;;;;;;;;;;;;;;;;;;;;;;;
448;;;;;;;;;;;;;;;;;;;;;;;;;;;;;;;;;;;;
449;;;;;;;;;;;;;;;;;;;;;;;;;;;;;;;;;;;;
450;;;;;;;;;;;;;;;;;;;;;;;;;;;;;;;;;;;;
451;;;;;;;;;;;;;;;;;;;;;;;;;;;;;;;;;;;;
452;;;;;;;;;;;;;;;;;;;;;;;;;;;;;;;;;;;;
453;;;;;;;;;;;;;;;;;;;;;;;;;;;;;;;;;;;;
454;;;;;;;;;;;;;;;;;;;;;;;;;;;;;;;;;;;;
455;;;;;;;;;;;;;;;;;;;;;;;;;;;;;;;;;;;;
456;;;;;;;;;;;;;;;;;;;;;;;;;;;;;;;;;;;;
457;;;;;;;;;;;;;;;;;;;;;;;;;;;;;;;;;;;;
458;;;;;;;;;;;;;;;;;;;;;;;;;;;;;;;;;;;;
459;;;;;;;;;;;;;;;;;;;;;;;;;;;;;;;;;;;;
460;;;;;;;;;;;;;;;;;;;;;;;;;;;;;;;;;;;;
461;;;;;;;;;;;;;;;;;;;;;;;;;;;;;;;;;;;;
462;;;;;;;;;;;;;;;;;;;;;;;;;;;;;;;;;;;;
463;;;;;;;;;;;;;;;;;;;;;;;;;;;;;;;;;;;;
464;;;;;;;;;;;;;;;;;;;;;;;;;;;;;;;;;;;;
465;;;;;;;;;;;;;;;;;;;;;;;;;;;;;;;;;;;;
466;;;;;;;;;;;;;;;;;;;;;;;;;;;;;;;;;;;;
467;;;;;;;;;;;;;;;;;;;;;;;;;;;;;;;;;;;;
468;;;;;;;;;;;;;;;;;;;;;;;;;;;;;;;;;;;;
469;;;;;;;;;;;;;;;;;;;;;;;;;;;;;;;;;;;;
470;;;;;;;;;;;;;;;;;;;;;;;;;;;;;;;;;;;;
471;;;;;;;;;;;;;;;;;;;;;;;;;;;;;;;;;;;;
472;;;;;;;;;;;;;;;;;;;;;;;;;;;;;;;;;;;;
473;;;;;;;;;;;;;;;;;;;;;;;;;;;;;;;;;;;;
474;;;;;;;;;;;;;;;;;;;;;;;;;;;;;;;;;;;;
475;;;;;;;;;;;;;;;;;;;;;;;;;;;;;;;;;;;;
476;;;;;;;;;;;;;;;;;;;;;;;;;;;;;;;;;;;;
477;;;;;;;;;;;;;;;;;;;;;;;;;;;;;;;;;;;;
478;;;;;;;;;;;;;;;;;;;;;;;;;;;;;;;;;;;;
479;;;;;;;;;;;;;;;;;;;;;;;;;;;;;;;;;;;;
480;;;;;;;;;;;;;;;;;;;;;;;;;;;;;;;;;;;;
481;;;;;;;;;;;;;;;;;;;;;;;;;;;;;;;;;;;;
482;;;;;;;;;;;;;;;;;;;;;;;;;;;;;;;;;;;;
483;;;;;;;;;;;;;;;;;;;;;;;;;;;;;;;;;;;;
484;;;;;;;;;;;;;;;;;;;;;;;;;;;;;;;;;;;;
485;;;;;;;;;;;;;;;;;;;;;;;;;;;;;;;;;;;;
486;;;;;;;;;;;;;;;;;;;;;;;;;;;;;;;;;;;;
487;;;;;;;;;;;;;;;;;;;;;;;;;;;;;;;;;;;;
488;;;;;;;;;;;;;;;;;;;;;;;;;;;;;;;;;;;;
489;;;;;;;;;;;;;;;;;;;;;;;;;;;;;;;;;;;;
490;;;;;;;;;;;;;;;;;;;;;;;;;;;;;;;;;;;;
491;;;;;;;;;;;;;;;;;;;;;;;;;;;;;;;;;;;;
492;;;;;;;;;;;;;;;;;;;;;;;;;;;;;;;;;;;;
493;;;;;;;;;;;;;;;;;;;;;;;;;;;;;;;;;;;;
494;;;;;;;;;;;;;;;;;;;;;;;;;;;;;;;;;;;;
495;;;;;;;;;;;;;;;;;;;;;;;;;;;;;;;;;;;;
496;;;;;;;;;;;;;;;;;;;;;;;;;;;;;;;;;;;;
497;;;;;;;;;;;;;;;;;;;;;;;;;;;;;;;;;;;;
498;;;;;;;;;;;;;;;;;;;;;;;;;;;;;;;;;;;;
499;;;;;;;;;;;;;;;;;;;;;;;;;;;;;;;;;;;;
500;;;;;;;;;;;;;;;;;;;;;;;;;;;;;;;;;;;;
501;;;;;;;;;;;;;;;;;;;;;;;;;;;;;;;;;;;;
502;;;;;;;;;;;;;;;;;;;;;;;;;;;;;;;;;;;;
503;;;;;;;;;;;;;;;;;;;;;;;;;;;;;;;;;;;;
504;;;;;;;;;;;;;;;;;;;;;;;;;;;;;;;;;;;;
505;;;;;;;;;;;;;;;;;;;;;;;;;;;;;;;;;;;;
506;;;;;;;;;;;;;;;;;;;;;;;;;;;;;;;;;;;;
507;;;;;;;;;;;;;;;;;;;;;;;;;;;;;;;;;;;;
508;;;;;;;;;;;;;;;;;;;;;;;;;;;;;;;;;;;;
509;;;;;;;;;;;;;;;;;;;;;;;;;;;;;;;;;;;;
510;;;;;;;;;;;;;;;;;;;;;;;;;;;;;;;;;;;;
511;;;;;;;;;;;;;;;;;;;;;;;;;;;;;;;;;;;;
512;;;;;;;;;;;;;;;;;;;;;;;;;;;;;;;;;;;;
513;;;;;;;;;;;;;;;;;;;;;;;;;;;;;;;;;;;;
514;;;;;;;;;;;;;;;;;;;;;;;;;;;;;;;;;;;;
515;;;;;;;;;;;;;;;;;;;;;;;;;;;;;;;;;;;;
516;;;;;;;;;;;;;;;;;;;;;;;;;;;;;;;;;;;;
517;;;;;;;;;;;;;;;;;;;;;;;;;;;;;;;;;;;;
518;;;;;;;;;;;;;;;;;;;;;;;;;;;;;;;;;;;;
519;;;;;;;;;;;;;;;;;;;;;;;;;;;;;;;;;;;;
520;;;;;;;;;;;;;;;;;;;;;;;;;;;;;;;;;;;;
521;;;;;;;;;;;;;;;;;;;;;;;;;;;;;;;;;;;;
522;;;;;;;;;;;;;;;;;;;;;;;;;;;;;;;;;;;;
523;;;;;;;;;;;;;;;;;;;;;;;;;;;;;;;;;;;;
524;;;;;;;;;;;;;;;;;;;;;;;;;;;;;;;;;;;;
525;;;;;;;;;;;;;;;;;;;;;;;;;;;;;;;;;;;;
526;;;;;;;;;;;;;;;;;;;;;;;;;;;;;;;;;;;;
527;;;;;;;;;;;;;;;;;;;;;;;;;;;;;;;;;;;;
528;;;;;;;;;;;;;;;;;;;;;;;;;;;;;;;;;;;;
529;;;;;;;;;;;;;;;;;;;;;;;;;;;;;;;;;;;;
530;;;;;;;;;;;;;;;;;;;;;;;;;;;;;;;;;;;;
531;;;;;;;;;;;;;;;;;;;;;;;;;;;;;;;;;;;;
532;;;;;;;;;;;;;;;;;;;;;;;;;;;;;;;;;;;;
533;;;;;;;;;;;;;;;;;;;;;;;;;;;;;;;;;;;;
534;;;;;;;;;;;;;;;;;;;;;;;;;;;;;;;;;;;;
535;;;;;;;;;;;;;;;;;;;;;;;;;;;;;;;;;;;;
536;;;;;;;;;;;;;;;;;;;;;;;;;;;;;;;;;;;;
537;;;;;;;;;;;;;;;;;;;;;;;;;;;;;;;;;;;;
538;;;;;;;;;;;;;;;;;;;;;;;;;;;;;;;;;;;;
539;;;;;;;;;;;;;;;;;;;;;;;;;;;;;;;;;;;;
540;;;;;;;;;;;;;;;;;;;;;;;;;;;;;;;;;;;;
541;;;;;;;;;;;;;;;;;;;;;;;;;;;;;;;;;;;;
542;;;;;;;;;;;;;;;;;;;;;;;;;;;;;;;;;;;;
543;;;;;;;;;;;;;;;;;;;;;;;;;;;;;;;;;;;;
544;;;;;;;;;;;;;;;;;;;;;;;;;;;;;;;;;;;;
545;;;;;;;;;;;;;;;;;;;;;;;;;;;;;;;;;;;;
546;;;;;;;;;;;;;;;;;;;;;;;;;;;;;;;;;;;;
547;;;;;;;;;;;;;;;;;;;;;;;;;;;;;;;;;;;;
548;;;;;;;;;;;;;;;;;;;;;;;;;;;;;;;;;;;;
549;;;;;;;;;;;;;;;;;;;;;;;;;;;;;;;;;;;;
550;;;;;;;;;;;;;;;;;;;;;;;;;;;;;;;;;;;;
551;;;;;;;;;;;;;;;;;;;;;;;;;;;;;;;;;;;;
552;;;;;;;;;;;;;;;;;;;;;;;;;;;;;;;;;;;;
553;;;;;;;;;;;;;;;;;;;;;;;;;;;;;;;;;;;;
554;;;;;;;;;;;;;;;;;;;;;;;;;;;;;;;;;;;;
555;;;;;;;;;;;;;;;;;;;;;;;;;;;;;;;;;;;;
556;;;;;;;;;;;;;;;;;;;;;;;;;;;;;;;;;;;;
557;;;;;;;;;;;;;;;;;;;;;;;;;;;;;;;;;;;;
558;;;;;;;;;;;;;;;;;;;;;;;;;;;;;;;;;;;;
559;;;;;;;;;;;;;;;;;;;;;;;;;;;;;;;;;;;;
560;;;;;;;;;;;;;;;;;;;;;;;;;;;;;;;;;;;;
561;;;;;;;;;;;;;;;;;;;;;;;;;;;;;;;;;;;;
562;;;;;;;;;;;;;;;;;;;;;;;;;;;;;;;;;;;;
563;;;;;;;;;;;;;;;;;;;;;;;;;;;;;;;;;;;;
564;;;;;;;;;;;;;;;;;;;;;;;;;;;;;;;;;;;;
565;;;;;;;;;;;;;;;;;;;;;;;;;;;;;;;;;;;;
566;;;;;;;;;;;;;;;;;;;;;;;;;;;;;;;;;;;;
567;;;;;;;;;;;;;;;;;;;;;;;;;;;;;;;;;;;;
568;;;;;;;;;;;;;;;;;;;;;;;;;;;;;;;;;;;;
569;;;;;;;;;;;;;;;;;;;;;;;;;;;;;;;;;;;;
570;;;;;;;;;;;;;;;;;;;;;;;;;;;;;;;;;;;;
571;;;;;;;;;;;;;;;;;;;;;;;;;;;;;;;;;;;;
572;;;;;;;;;;;;;;;;;;;;;;;;;;;;;;;;;;;;
573;;;;;;;;;;;;;;;;;;;;;;;;;;;;;;;;;;;;
574;;;;;;;;;;;;;;;;;;;;;;;;;;;;;;;;;;;;
575;;;;;;;;;;;;;;;;;;;;;;;;;;;;;;;;;;;;
576;;;;;;;;;;;;;;;;;;;;;;;;;;;;;;;;;;;;
577;;;;;;;;;;;;;;;;;;;;;;;;;;;;;;;;;;;;
578;;;;;;;;;;;;;;;;;;;;;;;;;;;;;;;;;;;;
579;;;;;;;;;;;;;;;;;;;;;;;;;;;;;;;;;;;;
580;;;;;;;;;;;;;;;;;;;;;;;;;;;;;;;;;;;;
581;;;;;;;;;;;;;;;;;;;;;;;;;;;;;;;;;;;;
582;;;;;;;;;;;;;;;;;;;;;;;;;;;;;;;;;;;;
583;;;;;;;;;;;;;;;;;;;;;;;;;;;;;;;;;;;;
584;;;;;;;;;;;;;;;;;;;;;;;;;;;;;;;;;;;;
585;;;;;;;;;;;;;;;;;;;;;;;;;;;;;;;;;;;;
586;;;;;;;;;;;;;;;;;;;;;;;;;;;;;;;;;;;;
587;;;;;;;;;;;;;;;;;;;;;;;;;;;;;;;;;;;;
588;;;;;;;;;;;;;;;;;;;;;;;;;;;;;;;;;;;;
589;;;;;;;;;;;;;;;;;;;;;;;;;;;;;;;;;;;;
590;;;;;;;;;;;;;;;;;;;;;;;;;;;;;;;;;;;;
591;;;;;;;;;;;;;;;;;;;;;;;;;;;;;;;;;;;;
592;;;;;;;;;;;;;;;;;;;;;;;;;;;;;;;;;;;;
593;;;;;;;;;;;;;;;;;;;;;;;;;;;;;;;;;;;;
594;;;;;;;;;;;;;;;;;;;;;;;;;;;;;;;;;;;;
595;;;;;;;;;;;;;;;;;;;;;;;;;;;;;;;;;;;;
596;;;;;;;;;;;;;;;;;;;;;;;;;;;;;;;;;;;;
597;;;;;;;;;;;;;;;;;;;;;;;;;;;;;;;;;;;;
598;;;;;;;;;;;;;;;;;;;;;;;;;;;;;;;;;;;;
599;;;;;;;;;;;;;;;;;;;;;;;;;;;;;;;;;;;;
600;;;;;;;;;;;;;;;;;;;;;;;;;;;;;;;;;;;;
601;;;;;;;;;;;;;;;;;;;;;;;;;;;;;;;;;;;;
602;;;;;;;;;;;;;;;;;;;;;;;;;;;;;;;;;;;;
603;;;;;;;;;;;;;;;;;;;;;;;;;;;;;;;;;;;;
604;;;;;;;;;;;;;;;;;;;;;;;;;;;;;;;;;;;;
605;;;;;;;;;;;;;;;;;;;;;;;;;;;;;;;;;;;;
606;;;;;;;;;;;;;;;;;;;;;;;;;;;;;;;;;;;;
607;;;;;;;;;;;;;;;;;;;;;;;;;;;;;;;;;;;;
608;;;;;;;;;;;;;;;;;;;;;;;;;;;;;;;;;;;;
609;;;;;;;;;;;;;;;;;;;;;;;;;;;;;;;;;;;;
610;;;;;;;;;;;;;;;;;;;;;;;;;;;;;;;;;;;;
611;;;;;;;;;;;;;;;;;;;;;;;;;;;;;;;;;;;;
612;;;;;;;;;;;;;;;;;;;;;;;;;;;;;;;;;;;;
613;;;;;;;;;;;;;;;;;;;;;;;;;;;;;;;;;;;;
614;;;;;;;;;;;;;;;;;;;;;;;;;;;;;;;;;;;;
615;;;;;;;;;;;;;;;;;;;;;;;;;;;;;;;;;;;;
616;;;;;;;;;;;;;;;;;;;;;;;;;;;;;;;;;;;;
617;;;;;;;;;;;;;;;;;;;;;;;;;;;;;;;;;;;;
618;;;;;;;;;;;;;;;;;;;;;;;;;;;;;;;;;;;;
619;;;;;;;;;;;;;;;;;;;;;;;;;;;;;;;;;;;;
620;;;;;;;;;;;;;;;;;;;;;;;;;;;;;;;;;;;;
621;;;;;;;;;;;;;;;;;;;;;;;;;;;;;;;;;;;;
622;;;;;;;;;;;;;;;;;;;;;;;;;;;;;;;;;;;;
623;;;;;;;;;;;;;;;;;;;;;;;;;;;;;;;;;;;;
624;;;;;;;;;;;;;;;;;;;;;;;;;;;;;;;;;;;;
625;;;;;;;;;;;;;;;;;;;;;;;;;;;;;;;;;;;;
626;;;;;;;;;;;;;;;;;;;;;;;;;;;;;;;;;;;;
627;;;;;;;;;;;;;;;;;;;;;;;;;;;;;;;;;;;;
628;;;;;;;;;;;;;;;;;;;;;;;;;;;;;;;;;;;;
629;;;;;;;;;;;;;;;;;;;;;;;;;;;;;;;;;;;;
630;;;;;;;;;;;;;;;;;;;;;;;;;;;;;;;;;;;;
631;;;;;;;;;;;;;;;;;;;;;;;;;;;;;;;;;;;;
632;;;;;;;;;;;;;;;;;;;;;;;;;;;;;;;;;;;;
633;;;;;;;;;;;;;;;;;;;;;;;;;;;;;;;;;;;;
634;;;;;;;;;;;;;;;;;;;;;;;;;;;;;;;;;;;;
635;;;;;;;;;;;;;;;;;;;;;;;;;;;;;;;;;;;;
636;;;;;;;;;;;;;;;;;;;;;;;;;;;;;;;;;;;;
637;;;;;;;;;;;;;;;;;;;;;;;;;;;;;;;;;;;;
638;;;;;;;;;;;;;;;;;;;;;;;;;;;;;;;;;;;;
639;;;;;;;;;;;;;;;;;;;;;;;;;;;;;;;;;;;;
640;;;;;;;;;;;;;;;;;;;;;;;;;;;;;;;;;;;;
641;;;;;;;;;;;;;;;;;;;;;;;;;;;;;;;;;;;;
642;;;;;;;;;;;;;;;;;;;;;;;;;;;;;;;;;;;;
643;;;;;;;;;;;;;;;;;;;;;;;;;;;;;;;;;;;;
644;;;;;;;;;;;;;;;;;;;;;;;;;;;;;;;;;;;;
645;;;;;;;;;;;;;;;;;;;;;;;;;;;;;;;;;;;;
646;;;;;;;;;;;;;;;;;;;;;;;;;;;;;;;;;;;;
647;;;;;;;;;;;;;;;;;;;;;;;;;;;;;;;;;;;;
648;;;;;;;;;;;;;;;;;;;;;;;;;;;;;;;;;;;;
649;;;;;;;;;;;;;;;;;;;;;;;;;;;;;;;;;;;;
650;;;;;;;;;;;;;;;;;;;;;;;;;;;;;;;;;;;;
651;;;;;;;;;;;;;;;;;;;;;;;;;;;;;;;;;;;;
652;;;;;;;;;;;;;;;;;;;;;;;;;;;;;;;;;;;;
653;;;;;;;;;;;;;;;;;;;;;;;;;;;;;;;;;;;;
654;;;;;;;;;;;;;;;;;;;;;;;;;;;;;;;;;;;;
655;;;;;;;;;;;;;;;;;;;;;;;;;;;;;;;;;;;;
656;;;;;;;;;;;;;;;;;;;;;;;;;;;;;;;;;;;;
657;;;;;;;;;;;;;;;;;;;;;;;;;;;;;;;;;;;;
658;;;;;;;;;;;;;;;;;;;;;;;;;;;;;;;;;;;;
659;;;;;;;;;;;;;;;;;;;;;;;;;;;;;;;;;;;;
660;;;;;;;;;;;;;;;;;;;;;;;;;;;;;;;;;;;;
661;;;;;;;;;;;;;;;;;;;;;;;;;;;;;;;;;;;;
662;;;;;;;;;;;;;;;;;;;;;;;;;;;;;;;;;;;;
663;;;;;;;;;;;;;;;;;;;;;;;;;;;;;;;;;;;;
664;;;;;;;;;;;;;;;;;;;;;;;;;;;;;;;;;;;;
665;;;;;;;;;;;;;;;;;;;;;;;;;;;;;;;;;;;;
666;;;;;;;;;;;;;;;;;;;;;;;;;;;;;;;;;;;;
667;;;;;;;;;;;;;;;;;;;;;;;;;;;;;;;;;;;;
668;;;;;;;;;;;;;;;;;;;;;;;;;;;;;;;;;;;;
669;;;;;;;;;;;;;;;;;;;;;;;;;;;;;;;;;;;;
670;;;;;;;;;;;;;;;;;;;;;;;;;;;;;;;;;;;;
671;;;;;;;;;;;;;;;;;;;;;;;;;;;;;;;;;;;;
672;;;;;;;;;;;;;;;;;;;;;;;;;;;;;;;;;;;;
673;;;;;;;;;;;;;;;;;;;;;;;;;;;;;;;;;;;;
674;;;;;;;;;;;;;;;;;;;;;;;;;;;;;;;;;;;;
675;;;;;;;;;;;;;;;;;;;;;;;;;;;;;;;;;;;;
676;;;;;;;;;;;;;;;;;;;;;;;;;;;;;;;;;;;;
677;;;;;;;;;;;;;;;;;;;;;;;;;;;;;;;;;;;;
678;;;;;;;;;;;;;;;;;;;;;;;;;;;;;;;;;;;;
679;;;;;;;;;;;;;;;;;;;;;;;;;;;;;;;;;;;;
680;;;;;;;;;;;;;;;;;;;;;;;;;;;;;;;;;;;;
681;;;;;;;;;;;;;;;;;;;;;;;;;;;;;;;;;;;;
682;;;;;;;;;;;;;;;;;;;;;;;;;;;;;;;;;;;;
683;;;;;;;;;;;;;;;;;;;;;;;;;;;;;;;;;;;;
684;;;;;;;;;;;;;;;;;;;;;;;;;;;;;;;;;;;;
685;;;;;;;;;;;;;;;;;;;;;;;;;;;;;;;;;;;;
686;;;;;;;;;;;;;;;;;;;;;;;;;;;;;;;;;;;;
687;;;;;;;;;;;;;;;;;;;;;;;;;;;;;;;;;;;;
688;;;;;;;;;;;;;;;;;;;;;;;;;;;;;;;;;;;;
689;;;;;;;;;;;;;;;;;;;;;;;;;;;;;;;;;;;;
690;;;;;;;;;;;;;;;;;;;;;;;;;;;;;;;;;;;;
691;;;;;;;;;;;;;;;;;;;;;;;;;;;;;;;;;;;;
692;;;;;;;;;;;;;;;;;;;;;;;;;;;;;;;;;;;;
693;;;;;;;;;;;;;;;;;;;;;;;;;;;;;;;;;;;;
694;;;;;;;;;;;;;;;;;;;;;;;;;;;;;;;;;;;;
695;;;;;;;;;;;;;;;;;;;;;;;;;;;;;;;;;;;;
696;;;;;;;;;;;;;;;;;;;;;;;;;;;;;;;;;;;;
697;;;;;;;;;;;;;;;;;;;;;;;;;;;;;;;;;;;;
698;;;;;;;;;;;;;;;;;;;;;;;;;;;;;;;;;;;;
699;;;;;;;;;;;;;;;;;;;;;;;;;;;;;;;;;;;;
700;;;;;;;;;;;;;;;;;;;;;;;;;;;;;;;;;;;;
701;;;;;;;;;;;;;;;;;;;;;;;;;;;;;;;;;;;;
702;;;;;;;;;;;;;;;;;;;;;;;;;;;;;;;;;;;;
703;;;;;;;;;;;;;;;;;;;;;;;;;;;;;;;;;;;;
704;;;;;;;;;;;;;;;;;;;;;;;;;;;;;;;;;;;;
705;;;;;;;;;;;;;;;;;;;;;;;;;;;;;;;;;;;;
706;;;;;;;;;;;;;;;;;;;;;;;;;;;;;;;;;;;;
707;;;;;;;;;;;;;;;;;;;;;;;;;;;;;;;;;;;;
708;;;;;;;;;;;;;;;;;;;;;;;;;;;;;;;;;;;;
709;;;;;;;;;;;;;;;;;;;;;;;;;;;;;;;;;;;;
710;;;;;;;;;;;;;;;;;;;;;;;;;;;;;;;;;;;;
711;;;;;;;;;;;;;;;;;;;;;;;;;;;;;;;;;;;;
712;;;;;;;;;;;;;;;;;;;;;;;;;;;;;;;;;;;;
713;;;;;;;;;;;;;;;;;;;;;;;;;;;;;;;;;;;;
714;;;;;;;;;;;;;;;;;;;;;;;;;;;;;;;;;;;;
715;;;;;;;;;;;;;;;;;;;;;;;;;;;;;;;;;;;;
716;;;;;;;;;;;;;;;;;;;;;;;;;;;;;;;;;;;;
717;;;;;;;;;;;;;;;;;;;;;;;;;;;;;;;;;;;;
718;;;;;;;;;;;;;;;;;;;;;;;;;;;;;;;;;;;;
719;;;;;;;;;;;;;;;;;;;;;;;;;;;;;;;;;;;;
720;;;;;;;;;;;;;;;;;;;;;;;;;;;;;;;;;;;;
721;;;;;;;;;;;;;;;;;;;;;;;;;;;;;;;;;;;;
722;;;;;;;;;;;;;;;;;;;;;;;;;;;;;;;;;;;;
723;;;;;;;;;;;;;;;;;;;;;;;;;;;;;;;;;;;;
724;;;;;;;;;;;;;;;;;;;;;;;;;;;;;;;;;;;;
725;;;;;;;;;;;;;;;;;;;;;;;;;;;;;;;;;;;;
726;;;;;;;;;;;;;;;;;;;;;;;;;;;;;;;;;;;;
727;;;;;;;;;;;;;;;;;;;;;;;;;;;;;;;;;;;;
728;;;;;;;;;;;;;;;;;;;;;;;;;;;;;;;;;;;;
729;;;;;;;;;;;;;;;;;;;;;;;;;;;;;;;;;;;;
730;;;;;;;;;;;;;;;;;;;;;;;;;;;;;;;;;;;;
731;;;;;;;;;;;;;;;;;;;;;;;;;;;;;;;;;;;;
732;;;;;;;;;;;;;;;;;;;;;;;;;;;;;;;;;;;;
733;;;;;;;;;;;;;;;;;;;;;;;;;;;;;;;;;;;;
734;;;;;;;;;;;;;;;;;;;;;;;;;;;;;;;;;;;;
735;;;;;;;;;;;;;;;;;;;;;;;;;;;;;;;;;;;;
736;;;;;;;;;;;;;;;;;;;;;;;;;;;;;;;;;;;;
737;;;;;;;;;;;;;;;;;;;;;;;;;;;;;;;;;;;;
738;;;;;;;;;;;;;;;;;;;;;;;;;;;;;;;;;;;;
739;;;;;;;;;;;;;;;;;;;;;;;;;;;;;;;;;;;;
740;;;;;;;;;;;;;;;;;;;;;;;;;;;;;;;;;;;;
741;;;;;;;;;;;;;;;;;;;;;;;;;;;;;;;;;;;;
742;;;;;;;;;;;;;;;;;;;;;;;;;;;;;;;;;;;;
743;;;;;;;;;;;;;;;;;;;;;;;;;;;;;;;;;;;;
744;;;;;;;;;;;;;;;;;;;;;;;;;;;;;;;;;;;;
745;;;;;;;;;;;;;;;;;;;;;;;;;;;;;;;;;;;;
746;;;;;;;;;;;;;;;;;;;;;;;;;;;;;;;;;;;;
747;;;;;;;;;;;;;;;;;;;;;;;;;;;;;;;;;;;;
748;;;;;;;;;;;;;;;;;;;;;;;;;;;;;;;;;;;;
749;;;;;;;;;;;;;;;;;;;;;;;;;;;;;;;;;;;;
750;;;;;;;;;;;;;;;;;;;;;;;;;;;;;;;;;;;;
751;;;;;;;;;;;;;;;;;;;;;;;;;;;;;;;;;;;;
752;;;;;;;;;;;;;;;;;;;;;;;;;;;;;;;;;;;;
753;;;;;;;;;;;;;;;;;;;;;;;;;;;;;;;;;;;;
754;;;;;;;;;;;;;;;;;;;;;;;;;;;;;;;;;;;;
755;;;;;;;;;;;;;;;;;;;;;;;;;;;;;;;;;;;;
756;;;;;;;;;;;;;;;;;;;;;;;;;;;;;;;;;;;;
757;;;;;;;;;;;;;;;;;;;;;;;;;;;;;;;;;;;;
758;;;;;;;;;;;;;;;;;;;;;;;;;;;;;;;;;;;;
759;;;;;;;;;;;;;;;;;;;;;;;;;;;;;;;;;;;;
760;;;;;;;;;;;;;;;;;;;;;;;;;;;;;;;;;;;;
761;;;;;;;;;;;;;;;;;;;;;;;;;;;;;;;;;;;;
762;;;;;;;;;;;;;;;;;;;;;;;;;;;;;;;;;;;;
763;;;;;;;;;;;;;;;;;;;;;;;;;;;;;;;;;;;;
764;;;;;;;;;;;;;;;;;;;;;;;;;;;;;;;;;;;;
765;;;;;;;;;;;;;;;;;;;;;;;;;;;;;;;;;;;;
766;;;;;;;;;;;;;;;;;;;;;;;;;;;;;;;;;;;;
767;;;;;;;;;;;;;;;;;;;;;;;;;;;;;;;;;;;;
768;;;;;;;;;;;;;;;;;;;;;;;;;;;;;;;;;;;;
769;;;;;;;;;;;;;;;;;;;;;;;;;;;;;;;;;;;;
770;;;;;;;;;;;;;;;;;;;;;;;;;;;;;;;;;;;;
771;;;;;;;;;;;;;;;;;;;;;;;;;;;;;;;;;;;;
772;;;;;;;;;;;;;;;;;;;;;;;;;;;;;;;;;;;;
773;;;;;;;;;;;;;;;;;;;;;;;;;;;;;;;;;;;;
774;;;;;;;;;;;;;;;;;;;;;;;;;;;;;;;;;;;;
775;;;;;;;;;;;;;;;;;;;;;;;;;;;;;;;;;;;;
776;;;;;;;;;;;;;;;;;;;;;;;;;;;;;;;;;;;;
777;;;;;;;;;;;;;;;;;;;;;;;;;;;;;;;;;;;;
778;;;;;;;;;;;;;;;;;;;;;;;;;;;;;;;;;;;;
779;;;;;;;;;;;;;;;;;;;;;;;;;;;;;;;;;;;;
780;;;;;;;;;;;;;;;;;;;;;;;;;;;;;;;;;;;;
781;;;;;;;;;;;;;;;;;;;;;;;;;;;;;;;;;;;;
782;;;;;;;;;;;;;;;;;;;;;;;;;;;;;;;;;;;;
783;;;;;;;;;;;;;;;;;;;;;;;;;;;;;;;;;;;;
784;;;;;;;;;;;;;;;;;;;;;;;;;;;;;;;;;;;;
785;;;;;;;;;;;;;;;;;;;;;;;;;;;;;;;;;;;;
786;;;;;;;;;;;;;;;;;;;;;;;;;;;;;;;;;;;;
787;;;;;;;;;;;;;;;;;;;;;;;;;;;;;;;;;;;;
788;;;;;;;;;;;;;;;;;;;;;;;;;;;;;;;;;;;;
789;;;;;;;;;;;;;;;;;;;;;;;;;;;;;;;;;;;;
790;;;;;;;;;;;;;;;;;;;;;;;;;;;;;;;;;;;;
791;;;;;;;;;;;;;;;;;;;;;;;;;;;;;;;;;;;;
792;;;;;;;;;;;;;;;;;;;;;;;;;;;;;;;;;;;;
793;;;;;;;;;;;;;;;;;;;;;;;;;;;;;;;;;;;;
794;;;;;;;;;;;;;;;;;;;;;;;;;;;;;;;;;;;;
795;;;;;;;;;;;;;;;;;;;;;;;;;;;;;;;;;;;;
796;;;;;;;;;;;;;;;;;;;;;;;;;;;;;;;;;;;;
797;;;;;;;;;;;;;;;;;;;;;;;;;;;;;;;;;;;;
798;;;;;;;;;;;;;;;;;;;;;;;;;;;;;;;;;;;;
799;;;;;;;;;;;;;;;;;;;;;;;;;;;;;;;;;;;;
800;;;;;;;;;;;;;;;;;;;;;;;;;;;;;;;;;;;;
801;;;;;;;;;;;;;;;;;;;;;;;;;;;;;;;;;;;;
802;;;;;;;;;;;;;;;;;;;;;;;;;;;;;;;;;;;;
803;;;;;;;;;;;;;;;;;;;;;;;;;;;;;;;;;;;;
804;;;;;;;;;;;;;;;;;;;;;;;;;;;;;;;;;;;;
805;;;;;;;;;;;;;;;;;;;;;;;;;;;;;;;;;;;;
806;;;;;;;;;;;;;;;;;;;;;;;;;;;;;;;;;;;;
807;;;;;;;;;;;;;;;;;;;;;;;;;;;;;;;;;;;;
808;;;;;;;;;;;;;;;;;;;;;;;;;;;;;;;;;;;;
809;;;;;;;;;;;;;;;;;;;;;;;;;;;;;;;;;;;;
810;;;;;;;;;;;;;;;;;;;;;;;;;;;;;;;;;;;;
811;;;;;;;;;;;;;;;;;;;;;;;;;;;;;;;;;;;;
812;;;;;;;;;;;;;;;;;;;;;;;;;;;;;;;;;;;;
813;;;;;;;;;;;;;;;;;;;;;;;;;;;;;;;;;;;;
814;;;;;;;;;;;;;;;;;;;;;;;;;;;;;;;;;;;;
815;;;;;;;;;;;;;;;;;;;;;;;;;;;;;;;;;;;;
816;;;;;;;;;;;;;;;;;;;;;;;;;;;;;;;;;;;;
817;;;;;;;;;;;;;;;;;;;;;;;;;;;;;;;;;;;;
818;;;;;;;;;;;;;;;;;;;;;;;;;;;;;;;;;;;;
819;;;;;;;;;;;;;;;;;;;;;;;;;;;;;;;;;;;;
820;;;;;;;;;;;;;;;;;;;;;;;;;;;;;;;;;;;;
821;;;;;;;;;;;;;;;;;;;;;;;;;;;;;;;;;;;;
822;;;;;;;;;;;;;;;;;;;;;;;;;;;;;;;;;;;;
823;;;;;;;;;;;;;;;;;;;;;;;;;;;;;;;;;;;;
824;;;;;;;;;;;;;;;;;;;;;;;;;;;;;;;;;;;;
825;;;;;;;;;;;;;;;;;;;;;;;;;;;;;;;;;;;;
826;;;;;;;;;;;;;;;;;;;;;;;;;;;;;;;;;;;;
827;;;;;;;;;;;;;;;;;;;;;;;;;;;;;;;;;;;;
828;;;;;;;;;;;;;;;;;;;;;;;;;;;;;;;;;;;;
829;;;;;;;;;;;;;;;;;;;;;;;;;;;;;;;;;;;;
830;;;;;;;;;;;;;;;;;;;;;;;;;;;;;;;;;;;;
831;;;;;;;;;;;;;;;;;;;;;;;;;;;;;;;;;;;;
832;;;;;;;;;;;;;;;;;;;;;;;;;;;;;;;;;;;;
833;;;;;;;;;;;;;;;;;;;;;;;;;;;;;;;;;;;;
834;;;;;;;;;;;;;;;;;;;;;;;;;;;;;;;;;;;;
835;;;;;;;;;;;;;;;;;;;;;;;;;;;;;;;;;;;;
836;;;;;;;;;;;;;;;;;;;;;;;;;;;;;;;;;;;;
837;;;;;;;;;;;;;;;;;;;;;;;;;;;;;;;;;;;;
838;;;;;;;;;;;;;;;;;;;;;;;;;;;;;;;;;;;;
839;;;;;;;;;;;;;;;;;;;;;;;;;;;;;;;;;;;;
840;;;;;;;;;;;;;;;;;;;;;;;;;;;;;;;;;;;;
841;;;;;;;;;;;;;;;;;;;;;;;;;;;;;;;;;;;;
842;;;;;;;;;;;;;;;;;;;;;;;;;;;;;;;;;;;;
843;;;;;;;;;;;;;;;;;;;;;;;;;;;;;;;;;;;;
844;;;;;;;;;;;;;;;;;;;;;;;;;;;;;;;;;;;;
845;;;;;;;;;;;;;;;;;;;;;;;;;;;;;;;;;;;;
846;;;;;;;;;;;;;;;;;;;;;;;;;;;;;;;;;;;;
847;;;;;;;;;;;;;;;;;;;;;;;;;;;;;;;;;;;;
848;;;;;;;;;;;;;;;;;;;;;;;;;;;;;;;;;;;;
849;;;;;;;;;;;;;;;;;;;;;;;;;;;;;;;;;;;;
850;;;;;;;;;;;;;;;;;;;;;;;;;;;;;;;;;;;;
851;;;;;;;;;;;;;;;;;;;;;;;;;;;;;;;;;;;;
852;;;;;;;;;;;;;;;;;;;;;;;;;;;;;;;;;;;;
853;;;;;;;;;;;;;;;;;;;;;;;;;;;;;;;;;;;;
854;;;;;;;;;;;;;;;;;;;;;;;;;;;;;;;;;;;;
855;;;;;;;;;;;;;;;;;;;;;;;;;;;;;;;;;;;;
856;;;;;;;;;;;;;;;;;;;;;;;;;;;;;;;;;;;;
857;;;;;;;;;;;;;;;;;;;;;;;;;;;;;;;;;;;;
858;;;;;;;;;;;;;;;;;;;;;;;;;;;;;;;;;;;;
859;;;;;;;;;;;;;;;;;;;;;;;;;;;;;;;;;;;;
860;;;;;;;;;;;;;;;;;;;;;;;;;;;;;;;;;;;;
861;;;;;;;;;;;;;;;;;;;;;;;;;;;;;;;;;;;;
862;;;;;;;;;;;;;;;;;;;;;;;;;;;;;;;;;;;;
863;;;;;;;;;;;;;;;;;;;;;;;;;;;;;;;;;;;;
864;;;;;;;;;;;;;;;;;;;;;;;;;;;;;;;;;;;;
865;;;;;;;;;;;;;;;;;;;;;;;;;;;;;;;;;;;;
866;;;;;;;;;;;;;;;;;;;;;;;;;;;;;;;;;;;;
867;;;;;;;;;;;;;;;;;;;;;;;;;;;;;;;;;;;;
868;;;;;;;;;;;;;;;;;;;;;;;;;;;;;;;;;;;;
869;;;;;;;;;;;;;;;;;;;;;;;;;;;;;;;;;;;;
870;;;;;;;;;;;;;;;;;;;;;;;;;;;;;;;;;;;;
871;;;;;;;;;;;;;;;;;;;;;;;;;;;;;;;;;;;;
872;;;;;;;;;;;;;;;;;;;;;;;;;;;;;;;;;;;;
873;;;;;;;;;;;;;;;;;;;;;;;;;;;;;;;;;;;;
874;;;;;;;;;;;;;;;;;;;;;;;;;;;;;;;;;;;;
875;;;;;;;;;;;;;;;;;;;;;;;;;;;;;;;;;;;;
876;;;;;;;;;;;;;;;;;;;;;;;;;;;;;;;;;;;;
877;;;;;;;;;;;;;;;;;;;;;;;;;;;;;;;;;;;;
878;;;;;;;;;;;;;;;;;;;;;;;;;;;;;;;;;;;;
879;;;;;;;;;;;;;;;;;;;;;;;;;;;;;;;;;;;;
880;;;;;;;;;;;;;;;;;;;;;;;;;;;;;;;;;;;;
881;;;;;;;;;;;;;;;;;;;;;;;;;;;;;;;;;;;;
882;;;;;;;;;;;;;;;;;;;;;;;;;;;;;;;;;;;;
883;;;;;;;;;;;;;;;;;;;;;;;;;;;;;;;;;;;;
884;;;;;;;;;;;;;;;;;;;;;;;;;;;;;;;;;;;;
885;;;;;;;;;;;;;;;;;;;;;;;;;;;;;;;;;;;;
886;;;;;;;;;;;;;;;;;;;;;;;;;;;;;;;;;;;;
887;;;;;;;;;;;;;;;;;;;;;;;;;;;;;;;;;;;;
888;;;;;;;;;;;;;;;;;;;;;;;;;;;;;;;;;;;;
889;;;;;;;;;;;;;;;;;;;;;;;;;;;;;;;;;;;;
890;;;;;;;;;;;;;;;;;;;;;;;;;;;;;;;;;;;;
891;;;;;;;;;;;;;;;;;;;;;;;;;;;;;;;;;;;;
892;;;;;;;;;;;;;;;;;;;;;;;;;;;;;;;;;;;;
893;;;;;;;;;;;;;;;;;;;;;;;;;;;;;;;;;;;;
894;;;;;;;;;;;;;;;;;;;;;;;;;;;;;;;;;;;;
895;;;;;;;;;;;;;;;;;;;;;;;;;;;;;;;;;;;;
896;;;;;;;;;;;;;;;;;;;;;;;;;;;;;;;;;;;;
897;;;;;;;;;;;;;;;;;;;;;;;;;;;;;;;;;;;;
898;;;;;;;;;;;;;;;;;;;;;;;;;;;;;;;;;;;;
899;;;;;;;;;;;;;;;;;;;;;;;;;;;;;;;;;;;;
900;;;;;;;;;;;;;;;;;;;;;;;;;;;;;;;;;;;;
901;;;;;;;;;;;;;;;;;;;;;;;;;;;;;;;;;;;;
902;;;;;;;;;;;;;;;;;;;;;;;;;;;;;;;;;;;;
903;;;;;;;;;;;;;;;;;;;;;;;;;;;;;;;;;;;;
904;;;;;;;;;;;;;;;;;;;;;;;;;;;;;;;;;;;;
905;;;;;;;;;;;;;;;;;;;;;;;;;;;;;;;;;;;;
906;;;;;;;;;;;;;;;;;;;;;;;;;;;;;;;;;;;;
907;;;;;;;;;;;;;;;;;;;;;;;;;;;;;;;;;;;;
908;;;;;;;;;;;;;;;;;;;;;;;;;;;;;;;;;;;;
909;;;;;;;;;;;;;;;;;;;;;;;;;;;;;;;;;;;;
910;;;;;;;;;;;;;;;;;;;;;;;;;;;;;;;;;;;;
911;;;;;;;;;;;;;;;;;;;;;;;;;;;;;;;;;;;;
912;;;;;;;;;;;;;;;;;;;;;;;;;;;;;;;;;;;;
913;;;;;;;;;;;;;;;;;;;;;;;;;;;;;;;;;;;;
914;;;;;;;;;;;;;;;;;;;;;;;;;;;;;;;;;;;;
915;;;;;;;;;;;;;;;;;;;;;;;;;;;;;;;;;;;;
916;;;;;;;;;;;;;;;;;;;;;;;;;;;;;;;;;;;;
917;;;;;;;;;;;;;;;;;;;;;;;;;;;;;;;;;;;;
918;;;;;;;;;;;;;;;;;;;;;;;;;;;;;;;;;;;;
919;;;;;;;;;;;;;;;;;;;;;;;;;;;;;;;;;;;;
920;;;;;;;;;;;;;;;;;;;;;;;;;;;;;;;;;;;;
921;;;;;;;;;;;;;;;;;;;;;;;;;;;;;;;;;;;;
922;;;;;;;;;;;;;;;;;;;;;;;;;;;;;;;;;;;;
923;;;;;;;;;;;;;;;;;;;;;;;;;;;;;;;;;;;;
924;;;;;;;;;;;;;;;;;;;;;;;;;;;;;;;;;;;;
925;;;;;;;;;;;;;;;;;;;;;;;;;;;;;;;;;;;;
926;;;;;;;;;;;;;;;;;;;;;;;;;;;;;;;;;;;;
927;;;;;;;;;;;;;;;;;;;;;;;;;;;;;;;;;;;;
928;;;;;;;;;;;;;;;;;;;;;;;;;;;;;;;;;;;;
929;;;;;;;;;;;;;;;;;;;;;;;;;;;;;;;;;;;;
930;;;;;;;;;;;;;;;;;;;;;;;;;;;;;;;;;;;;
931;;;;;;;;;;;;;;;;;;;;;;;;;;;;;;;;;;;;
932;;;;;;;;;;;;;;;;;;;;;;;;;;;;;;;;;;;;
933;;;;;;;;;;;;;;;;;;;;;;;;;;;;;;;;;;;;
934;;;;;;;;;;;;;;;;;;;;;;;;;;;;;;;;;;;;
935;;;;;;;;;;;;;;;;;;;;;;;;;;;;;;;;;;;;
936;;;;;;;;;;;;;;;;;;;;;;;;;;;;;;;;;;;;
937;;;;;;;;;;;;;;;;;;;;;;;;;;;;;;;;;;;;
938;;;;;;;;;;;;;;;;;;;;;;;;;;;;;;;;;;;;
939;;;;;;;;;;;;;;;;;;;;;;;;;;;;;;;;;;;;
940;;;;;;;;;;;;;;;;;;;;;;;;;;;;;;;;;;;;
941;;;;;;;;;;;;;;;;;;;;;;;;;;;;;;;;;;;;
942;;;;;;;;;;;;;;;;;;;;;;;;;;;;;;;;;;;;
943;;;;;;;;;;;;;;;;;;;;;;;;;;;;;;;;;;;;
944;;;;;;;;;;;;;;;;;;;;;;;;;;;;;;;;;;;;
945;;;;;;;;;;;;;;;;;;;;;;;;;;;;;;;;;;;;
946;;;;;;;;;;;;;;;;;;;;;;;;;;;;;;;;;;;;
947;;;;;;;;;;;;;;;;;;;;;;;;;;;;;;;;;;;;
948;;;;;;;;;;;;;;;;;;;;;;;;;;;;;;;;;;;;
949;;;;;;;;;;;;;;;;;;;;;;;;;;;;;;;;;;;;
950;;;;;;;;;;;;;;;;;;;;;;;;;;;;;;;;;;;;
951;;;;;;;;;;;;;;;;;;;;;;;;;;;;;;;;;;;;
952;;;;;;;;;;;;;;;;;;;;;;;;;;;;;;;;;;;;
953;;;;;;;;;;;;;;;;;;;;;;;;;;;;;;;;;;;;
954;;;;;;;;;;;;;;;;;;;;;;;;;;;;;;;;;;;;
955;;;;;;;;;;;;;;;;;;;;;;;;;;;;;;;;;;;;
956;;;;;;;;;;;;;;;;;;;;;;;;;;;;;;;;;;;;
957;;;;;;;;;;;;;;;;;;;;;;;;;;;;;;;;;;;;
958;;;;;;;;;;;;;;;;;;;;;;;;;;;;;;;;;;;;
959;;;;;;;;;;;;;;;;;;;;;;;;;;;;;;;;;;;;
960;;;;;;;;;;;;;;;;;;;;;;;;;;;;;;;;;;;;
961;;;;;;;;;;;;;;;;;;;;;;;;;;;;;;;;;;;;
962;;;;;;;;;;;;;;;;;;;;;;;;;;;;;;;;;;;;
963;;;;;;;;;;;;;;;;;;;;;;;;;;;;;;;;;;;;
964;;;;;;;;;;;;;;;;;;;;;;;;;;;;;;;;;;;;
965;;;;;;;;;;;;;;;;;;;;;;;;;;;;;;;;;;;;
966;;;;;;;;;;;;;;;;;;;;;;;;;;;;;;;;;;;;
967;;;;;;;;;;;;;;;;;;;;;;;;;;;;;;;;;;;;
968;;;;;;;;;;;;;;;;;;;;;;;;;;;;;;;;;;;;
969;;;;;;;;;;;;;;;;;;;;;;;;;;;;;;;;;;;;
970;;;;;;;;;;;;;;;;;;;;;;;;;;;;;;;;;;;;
971;;;;;;;;;;;;;;;;;;;;;;;;;;;;;;;;;;;;
972;;;;;;;;;;;;;;;;;;;;;;;;;;;;;;;;;;;;
973;;;;;;;;;;;;;;;;;;;;;;;;;;;;;;;;;;;;
974;;;;;;;;;;;;;;;;;;;;;;;;;;;;;;;;;;;;
975;;;;;;;;;;;;;;;;;;;;;;;;;;;;;;;;;;;;
976;;;;;;;;;;;;;;;;;;;;;;;;;;;;;;;;;;;;
977;;;;;;;;;;;;;;;;;;;;;;;;;;;;;;;;;;;;
978;;;;;;;;;;;;;;;;;;;;;;;;;;;;;;;;;;;;
979;;;;;;;;;;;;;;;;;;;;;;;;;;;;;;;;;;;;
980;;;;;;;;;;;;;;;;;;;;;;;;;;;;;;;;;;;;
981;;;;;;;;;;;;;;;;;;;;;;;;;;;;;;;;;;;;
982;;;;;;;;;;;;;;;;;;;;;;;;;;;;;;;;;;;;
983;;;;;;;;;;;;;;;;;;;;;;;;;;;;;;;;;;;;
984;;;;;;;;;;;;;;;;;;;;;;;;;;;;;;;;;;;;
985;;;;;;;;;;;;;;;;;;;;;;;;;;;;;;;;;;;;
986;;;;;;;;;;;;;;;;;;;;;;;;;;;;;;;;;;;;
987;;;;;;;;;;;;;;;;;;;;;;;;;;;;;;;;;;;;
988;;;;;;;;;;;;;;;;;;;;;;;;;;;;;;;;;;;;
989;;;;;;;;;;;;;;;;;;;;;;;;;;;;;;;;;;;;
990;;;;;;;;;;;;;;;;;;;;;;;;;;;;;;;;;;;;
991;;;;;;;;;;;;;;;;;;;;;;;;;;;;;;;;;;;;
992;;;;;;;;;;;;;;;;;;;;;;;;;;;;;;;;;;;;
993;;;;;;;;;;;;;;;;;;;;;;;;;;;;;;;;;;;;
994;;;;;;;;;;;;;;;;;;;;;;;;;;;;;;;;;;;;
995;;;;;;;;;;;;;;;;;;;;;;;;;;;;;;;;;;;;
996;;;;;;;;;;;;;;;;;;;;;;;;;;;;;;;;;;;;
997;;;;;;;;;;;;;;;;;;;;;;;;;;;;;;;;;;;;
998;;;;;;;;;;;;;;;;;;;;;;;;;;;;;;;;;;;;
999;;;;;;;;;;;;;;;;;;;;;;;;;;;;;;;;;;;;
1000;;;;;;;;;;;;;;;;;;;;;;;;;;;;;;;;;;;;
;;;;;;;;;;;;;;;;;;;;;;;;157;;;;;;;;;;;;
